Time_Iter,Outer_Iter,Inner_Iter,"    ""rms[Rho]""    ","    ""rms[RhoU]""   ","    ""rms[RhoV]""   ","    ""rms[RhoE]""   ","     ""rms[k]""     ","     ""rms[w]""     "
0,0,0,1.5606605,4.2959177,-9.7006086,8.3178861,-13.024476,3.0286488
0,0,1,1.3577205,4.109334,2.8654953,8.1055951,-8.9113144,3.1641533
0,0,2,1.1515728,4.0202312,3.0152899,7.9135497,-9.000166,3.2659087
0,0,3,1.0046409,3.9439591,3.1119712,7.7905514,-9.0065508,3.3804695
0,0,4,0.96004257,3.8885041,3.1299341,7.7437573,-8.0803607,3.4626306
0,0,5,0.94065662,3.8533589,3.1163249,7.7198496,-4.7712262,3.5068694
0,0,6,0.92408789,3.8274555,3.1021082,7.7031981,-3.3422436,3.5302855
0,0,7,0.90930088,3.8048517,3.0958728,7.6890137,-2.7442356,3.5458243
0,0,8,0.89586244,3.7834299,3.0961165,7.6755682,-2.3836126,3.5599788
0,0,9,0.88331431,3.7623642,3.0974251,7.6626129,-2.082748,3.5513241
0,0,10,0.87145544,3.7413354,3.0944665,7.6501896,-1.788012,3.5271505
0,0,11,0.86026045,3.7208141,3.0839107,7.6383629,-1.4677312,3.5125484
0,0,12,0.84934626,3.7013931,3.0609682,7.6266974,-1.120859,3.5171609
0,0,13,0.83830408,3.6838907,3.0251684,7.6147171,-0.75000883,3.5239168
0,0,14,0.82675178,3.6687356,2.9795379,7.6018874,-0.39172595,3.526907
0,0,15,0.81491076,3.657235,2.942731,7.5881496,-0.04214087,3.5358154
0,0,16,0.80525564,3.6539458,2.9479969,7.5755424,0.28744808,3.6258899
0,0,17,0.8037098,3.6669422,3.0950025,7.5713905,0.59971879,3.8309781
0,0,18,0.82148633,3.6832974,3.2861507,7.5880635,0.90496779,4.1056329
0,0,19,0.86179376,3.6855673,3.3640627,7.6284669,1.202432,4.3960853
0,0,20,0.88353736,3.6657432,3.3390277,7.6479889,1.4808888,4.6731012
0,0,21,0.86918588,3.7339294,3.3212013,7.6281666,1.7442031,4.9356487
0,0,22,0.85944212,3.8675556,3.4098385,7.6050307,1.9892153,5.1801101
0,0,23,0.85564016,4.0340026,3.3967389,7.5787704,2.2156664,5.4061291
0,0,24,0.78851948,3.9886187,3.3013453,7.5084623,2.4237225,5.6137424
0,0,25,0.65826789,3.8716813,3.1697192,7.3990374,2.6152654,5.8048038
0,0,26,0.54211002,3.8006259,3.1554247,7.3212489,2.7934311,5.9824145
0,0,27,0.47631876,3.8134257,3.0549573,7.2734648,2.9602637,6.1485993
0,0,28,0.42756644,3.8204786,2.969117,7.2271583,3.116823,6.3044092
0,0,29,0.34263929,3.815894,2.8794825,7.1386327,3.2629242,6.4496708
0,0,30,0.2315348,3.8063295,2.8083204,7.0230718,3.3977787,6.5836186
0,0,31,0.12294639,3.7891498,2.78861,6.9238719,3.5204779,6.705373
0,0,32,0.11122858,3.7670609,2.793988,6.9409958,3.6303747,6.8143166
0,0,33,0.18791475,3.7391907,2.7787155,7.0310497,3.7272322,6.910241
0,0,34,0.29090608,3.7035336,2.7493182,7.1330196,3.8111971,6.993319
0,0,35,0.38115201,3.659229,2.7316919,7.2192207,3.8826904,7.0639967
0,0,36,0.45085419,3.6044133,2.7383794,7.2852257,3.9422755,7.1228625
0,0,37,0.50101844,3.536905,2.7476107,7.332491,3.9905489,7.1705372
0,0,38,0.53417738,3.4535931,2.7563885,7.3633504,4.0280629,7.207596
0,0,39,0.55310087,3.348781,2.7596773,7.3802375,4.0552849,7.2345263
0,0,40,0.55613322,3.2066699,2.7554395,7.3810009,4.0725794,7.2517086
0,0,41,0.55373256,3.0481799,2.7488599,7.3761911,4.0801951,7.2594022
0,0,42,0.54082649,2.9681621,2.7623098,7.3607405,4.0782206,7.2577006
0,0,43,0.51760745,3.0945169,2.7829033,7.3347266,4.0664261,7.2463799
0,0,44,0.48856291,3.2344586,2.8004325,7.3026335,4.043935,7.224582
0,0,45,0.45013281,3.3364215,2.8346328,7.2612844,4.0079925,7.1896113
0,0,46,0.37740013,3.3959106,2.8573552,7.1858155,3.9495035,7.1326754
0,0,47,0.29321096,3.4333803,2.8516689,7.1014118,3.8419106,7.0283685
0,0,48,0.17553909,3.4610508,2.7496271,6.9914514,3.5097026,6.7070175
0,0,49,0.026231591,3.4918454,2.6164563,6.8727398,3.2767596,6.4464689
0,0,50,0.13945265,3.4279617,2.5137189,6.9871623,3.1441082,6.3258821
0,0,51,0.1315076,3.1370463,2.4576585,6.9672888,2.4687003,5.672081
0,0,52,-0.085561019,2.8913649,2.5166416,6.747617,2.7616048,5.9310373
0,0,53,-0.20488923,2.9936738,2.4541652,6.637226,2.8229799,5.9998817
0,0,54,-0.38514378,2.8290378,2.2726332,6.4552158,2.4526715,5.6395441
0,0,55,-0.76457253,2.4999545,2.1079196,6.0682865,1.4924181,4.598391
0,0,56,-1.0955502,2.2933699,1.9611501,5.7385713,1.9858183,5.1326496
0,0,57,-1.1694545,2.2172556,1.8102551,5.6701302,1.905642,4.985094
0,0,58,-1.3671578,2.0832625,1.6567494,5.470175,1.9413109,4.5168453
0,0,59,-1.6413407,1.9378741,1.5198992,5.1995841,2.1708795,4.2692274
0,0,60,-1.795985,1.8236063,1.3850932,5.0551399,2.4092582,4.2967793
0,0,61,-1.8979532,1.7260468,1.2435202,4.959119,2.6467974,4.1436725
0,0,62,-2.0051484,1.6406067,1.1034765,4.8581728,2.8837393,3.9865483
0,0,63,-2.0906268,1.5692599,0.96653749,4.7769221,3.1190357,3.8889398
0,0,64,-2.1624257,1.5037851,0.82966927,4.7082887,3.3525611,3.8051087
0,0,65,-2.2254258,1.4388928,0.70985892,4.6460868,3.5789882,3.7279757
0,0,66,-2.2595584,1.3863558,0.6455984,4.603593,3.7416102,3.6569083
0,0,67,-2.2456089,1.3721675,0.63899736,4.5998612,3.7192769,3.5874412
0,0,68,-2.220825,1.3697168,0.64064099,4.622516,3.6058931,3.5149922
0,0,69,-2.2262982,1.3370051,0.62908877,4.6266381,3.5126836,3.437585
0,0,70,-2.2660013,1.2756926,0.60815555,4.5960547,3.4095836,3.3559594
0,0,71,-2.3331632,1.1971107,0.56044586,4.5349583,3.2910619,3.2726882
0,0,72,-2.4163079,1.107778,0.4813712,4.4561199,3.1525639,3.1898698
0,0,73,-2.5111322,1.0113292,0.38337759,4.3643181,2.9816189,3.1078357
0,0,74,-2.6206339,0.90490494,0.26222078,4.2595495,2.8139904,3.0264237
0,0,75,-2.7422979,0.79015075,0.13598236,4.1422999,2.6516137,2.9457
0,0,76,-2.8673354,0.67208753,0.008761914,4.0200502,2.493399,2.8657529
0,0,77,-2.9877607,0.55517327,-0.11901897,3.9001344,2.3416163,2.7865245
0,0,78,-3.1002182,0.44148192,-0.24461378,3.7859017,2.1964894,2.7077484
0,0,79,-3.2040938,0.33164133,-0.36511467,3.6778554,2.0580914,2.6290694
0,0,80,-3.2992263,0.22583855,-0.47955172,3.5757684,1.9267843,2.5502831
0,0,81,-3.385683,0.1239834,-0.58788535,3.479278,1.8030652,2.4714024
0,0,82,-3.4640409,0.025694897,-0.69011516,3.3877984,1.6872992,2.3925955
0,0,83,-3.5352101,-0.069483799,-0.78637312,3.3006838,1.5794052,2.3140697
0,0,84,-3.6001853,-0.16186288,-0.87701772,3.217413,1.4786448,2.2359719
0,0,85,-3.6599046,-0.25153176,-0.96235635,3.1376003,1.3836434,2.1583598
0,0,86,-3.7151681,-0.33838391,-1.0425033,3.0609401,1.2926316,2.0812318
0,0,87,-3.7666479,-0.42217564,-1.1173491,2.9871768,1.203773,2.0045642
0,0,88,-3.8149179,-0.50258288,-1.186644,2.9161118,1.1154229,1.9283479
0,0,89,-3.860483,-0.57923979,-1.2501565,2.8476158,1.0262526,1.8526077
0,0,90,-3.9038005,-0.65176802,-1.3078383,2.7816302,0.93526254,1.7774003
0,0,91,-3.9452912,-0.71982005,-1.3599287,2.7181538,0.8417317,1.7028001
0,0,92,-3.9853396,-0.78314828,-1.4069677,2.6572137,0.74514882,1.6288815
0,0,93,-4.0242884,-0.84168507,-1.4497276,2.5988291,0.64514442,1.5557104
0,0,94,-4.0624353,-0.89559988,-1.4890984,2.5429772,0.54143399,1.4833411
0,0,95,-4.1000316,-0.94530396,-1.5259729,2.4895705,0.43377338,1.4118178
0,0,96,-4.137284,-0.99139712,-1.5611597,2.4384499,0.32192559,1.3411779
0,0,97,-4.1743571,-1.0345785,-1.595336,2.3893929,0.20563701,1.2714529
0,0,98,-4.2113774,-1.0755542,-1.6290319,2.3421328,0.084623189,1.202668
0,0,99,-4.2484388,-1.1149673,-1.6626397,2.2963825,-0.041434515,1.13484
0,0,100,-4.285608,-1.1533587,-1.6964329,2.2518564,-0.17287225,1.067975
0,0,101,-4.3229303,-1.1911561,-1.7305906,2.2082883,-0.30998456,1.0020683
0,0,102,-4.3604351,-1.2286797,-1.7652205,2.1654422,-0.45286893,0.93710464
0,0,103,-4.3981403,-1.2661589,-1.8003791,2.1231184,-0.6010545,0.87305923
0,0,104,-4.4360562,-1.3037496,-1.836087,2.0811539,-0.75268119,0.80989976
0,0,105,-4.4741883,-1.3415523,-1.8723413,2.0394204,-0.90294443,0.74758803
0,0,106,-4.512539,-1.3796265,-1.9091243,1.99782,-1.0422054,0.68608129
0,0,107,-4.5511092,-1.4180031,-1.9464094,1.9562797,-1.1569942,0.62533334
0,0,108,-4.589899,-1.4566933,-1.9841657,1.9147473,-1.2384973,0.56529575
0,0,109,-4.6289083,-1.4956956,-2.0223605,1.8731859,-1.2912527,0.5059189
0,0,110,-4.6681371,-1.5350005,-2.0609616,1.8315708,-1.3281474,0.44715283
0,0,111,-4.7075855,-1.5745943,-2.0999379,1.7898856,-1.3601518,0.38894878
0,0,112,-4.747254,-1.6144611,-2.139261,1.7481202,-1.3931317,0.33125887
0,0,113,-4.7871433,-1.6545845,-2.1789047,1.7062689,-1.4293478,0.27403771
0,0,114,-4.8272542,-1.6949487,-2.2188457,1.6643285,-1.4692473,0.21724241
0,0,115,-4.8675882,-1.7355389,-2.2590635,1.6222974,-1.5125048,0.16083274
0,0,116,-4.9081464,-1.7763419,-2.2995403,1.5801752,-1.5585116,0.10477157
0,0,117,-4.9489303,-1.817346,-2.3402606,1.537962,-1.6065918,0.049024694
0,0,118,-4.9899414,-1.858541,-2.3812112,1.495658,-1.6560939,-0.006439269
0,0,119,-5.0311812,-1.8999185,-2.4223812,1.453263,-1.7064302,-0.061648953
0,0,120,-5.0726512,-1.9414713,-2.4637611,1.410777,-1.7570945,-0.11663042
0,0,121,-5.1143526,-1.9831937,-2.5053435,1.3681994,-1.8076696,-0.17140728
0,0,122,-5.1562866,-2.0250811,-2.547122,1.3255293,-1.8578296,-0.22600101
0,0,123,-5.1984544,-2.06713,-2.5890918,1.2827657,-1.9073369,-0.280431
0,0,124,-5.2408569,-2.1093376,-2.6312488,1.2399069,-1.956039,-0.33471472
0,0,125,-5.2834948,-2.1517023,-2.6735901,1.1969512,-2.0038574,-0.38886873
0,0,126,-5.3263689,-2.1942228,-2.7161136,1.1538965,-2.0507763,-0.44290692
0,0,127,-5.3694797,-2.2368986,-2.7588177,1.1107406,-2.0968294,-0.49684257
0,0,128,-5.4128276,-2.2797295,-2.8017016,1.0674807,-2.1420858,-0.55068749
0,0,129,-5.4564131,-2.3227161,-2.844765,1.0241143,-2.1866378,-0.60445256
0,0,130,-5.5002364,-2.3658591,-2.8880081,0.98063824,-2.2305895,-0.6581475
0,0,131,-5.5442978,-2.4091598,-2.9314316,0.93704951,-2.2740485,-0.71178118
0,0,132,-5.5885977,-2.4526196,-2.9750365,0.89334479,-2.3171195,-0.76536172
0,0,133,-5.6331364,-2.4962405,-3.0188242,0.84952061,-2.3599001,-0.81889612
0,0,134,-5.6779144,-2.5400246,-3.0627966,0.80557331,-2.4024767,-0.87239116
0,0,135,-5.7229322,-2.5839744,-3.1069558,0.76149911,-2.4449301,-0.92585243
0,0,136,-5.7681904,-2.6280928,-3.1513044,0.717294,-2.4873248,-0.97928569
0,0,137,-5.8136898,-2.6723827,-3.195845,0.67295384,-2.5297175,-1.0326951
0,0,138,-5.8594313,-2.7168475,-3.240581,0.62847426,-2.5721554,-1.086085
0,0,139,-5.9054162,-2.7614909,-3.2855157,0.58385069,-2.6146787,-1.1394596
0,0,140,-5.9516458,-2.8063169,-3.3306529,0.5390784,-2.6573181,-1.1928219
0,0,141,-5.9981217,-2.8513297,-3.3759968,0.49415243,-2.7000999,-1.246174
0,0,142,-6.0448457,-2.8965339,-3.4215517,0.44906756,-2.7430454,-1.2995199
0,0,143,-6.09182,-2.9419344,-3.4673226,0.40381836,-2.7861715,-1.3528611
0,0,144,-6.139047,-2.9875364,-3.5133144,0.35839921,-2.8294918,-1.4061987
0,0,145,-6.1865295,-3.0333454,-3.5595326,0.31280415,-2.8730172,-1.4595358
0,0,146,-6.2342705,-3.0793673,-3.6059832,0.26702699,-2.9167565,-1.5128736
0,0,147,-6.2822733,-3.1256084,-3.6526723,0.22106132,-2.960717,-1.5662123
0,0,148,-6.3305417,-3.1720753,-3.6996066,0.17490033,-3.0049047,-1.6195538
0,0,149,-6.3790799,-3.2187749,-3.746793,0.12853703,-3.0493246,-1.6728983
0,0,150,-6.4278921,-3.2657148,-3.794239,0.081964042,-3.0939813,-1.7262466
0,0,151,-6.4769832,-3.3129026,-3.8419526,0.035173766,-3.1388787,-1.7795991
0,0,152,-6.5263585,-3.3603467,-3.889942,-0.011841989,-3.1840204,-1.8329561
0,0,153,-6.5760234,-3.4080559,-3.9382164,-0.059091514,-3.2294103,-1.8863193
0,0,154,-6.6259841,-3.4560394,-3.986785,-0.10658366,-3.2750517,-1.9396874
0,0,155,-6.6762466,-3.5043069,-4.0356579,-0.15432755,-3.3209484,-1.99306
0,0,156,-6.726818,-3.552869,-4.0848459,-0.20233301,-3.3671043,-2.04644
0,0,157,-6.777705,-3.6017365,-4.1343601,-0.25060994,-3.4135234,-2.099825
0,0,158,-6.8289155,-3.650921,-4.1842126,-0.29916914,-3.46021,-2.1532161
0,0,159,-6.8804569,-3.700435,-4.2344163,-0.34802168,-3.5071685,-2.2066098
0,0,160,-6.9323376,-3.7502916,-4.2849848,-0.39717947,-3.5544039,-2.2600119
0,0,161,-6.9845659,-3.8005049,-4.3359327,-0.44665493,-3.6019215,-2.3134173
0,0,162,-7.0371504,-3.8510898,-4.3872757,-0.49646096,-3.6497265,-2.3668292
0,0,163,-7.0901,-3.9020622,-4.4390304,-0.54661184,-3.6978236,-2.4202449
0,0,164,-7.1434233,-3.9534393,-4.4912144,-0.59712198,-3.7462263,-2.4736582
0,0,165,-7.1971295,-4.0052392,-4.5438471,-0.64800675,-3.7949309,-2.5270976
0,0,166,-7.2512267,-4.0574818,-4.596949,-0.69928362,-3.8439497,-2.5805091
0,0,167,-7.3057235,-4.1101884,-4.6505423,-0.75096968,-3.8932903,-2.6339548
0,0,168,-7.3606272,-4.1633816,-4.7046506,-0.80308412,-3.9429581,-2.687384
0,0,169,-7.4159442,-4.2170864,-4.7593002,-0.85564743,-3.9929661,-2.7408183
0,0,170,-7.4716802,-4.2713295,-4.8145178,-0.90868078,-4.0433188,-2.7942578
0,0,171,-7.5278372,-4.3261399,-4.8703341,-0.96220821,-4.0940263,-2.8476974
0,0,172,-7.5844171,-4.3815494,-4.9267811,-1.0162541,-4.1450969,-2.901137
0,0,173,-7.6414165,-4.4375926,-4.9838936,-1.0708468,-4.1965414,-2.9545829
0,0,174,-7.6988269,-4.4943072,-5.0417101,-1.1260146,-4.2483681,-3.0080128
0,0,175,-7.7566362,-4.5517349,-5.1002707,-1.18179,-4.3005876,-3.0614556
0,0,176,-7.8148236,-4.6099208,-5.1596187,-1.2382075,-4.3532088,-3.1149112
0,0,177,-7.8733579,-4.6689149,-5.2198028,-1.2953041,-4.4062423,-3.1683081
0,0,178,-7.9321979,-4.7287721,-5.2808711,-1.3531208,-4.4596953,-3.2218116
0,0,179,-7.9912849,-4.7895534,-5.3428787,-1.4117016,-4.5135792,-3.2752208
0,0,180,-8.0505458,-4.8513248,-5.4058788,-1.4710942,-4.5678994,-3.3286481
0,0,181,-8.1098806,-4.91416,-5.4699282,-1.5313527,-4.622663,-3.3820683
0,0,182,-8.1691685,-4.9781382,-5.5350845,-1.5925293,-4.6778757,-3.4354279
0,0,183,-8.2282534,-5.0433489,-5.6013969,-1.6546879,-4.7335375,-3.4888346
0,0,184,-8.2869479,-5.109884,-5.6689079,-1.7178917,-4.7896492,-3.5422302
0,0,185,-8.3450321,-5.1778461,-5.737644,-1.7822105,-4.8462046,-3.595591
0,0,186,-8.4022564,-5.2473374,-5.8075974,-1.8477126,-4.9031918,-3.6490141
0,0,187,-8.4583106,-5.3184618,-5.8787229,-1.9144691,-4.9605913,-3.7023649
0,0,188,-8.5129084,-5.3913104,-5.9508784,-1.9825469,-5.0183857,-3.7556955
0,0,189,-8.5657225,-5.4659435,-6.0238257,-2.0520018,-5.0765182,-3.8090063
0,0,190,-8.6164504,-5.5423731,-6.0971299,-2.1228593,-5.1349493,-3.8622208
0,0,191,-8.6648345,-5.6205039,-6.1701315,-2.1951259,-5.1936013,-3.9155959
0,0,192,-8.7106848,-5.7000622,-6.2418116,-2.2687201,-5.2523788,-3.9689658
0,0,193,-8.7538972,-5.7804554,-6.310817,-2.3434615,-5.3111596,-4.0221251
0,0,194,-8.7944188,-5.8606297,-6.3754134,-2.4189729,-5.3697973,-4.0752448
0,0,195,-8.8324075,-5.9388251,-6.4337127,-2.4946578,-5.4281078,-4.1283441
0,0,196,-8.8679968,-6.0124468,-6.4840917,-2.5695048,-5.4858614,-4.1818269
0,0,197,-8.9014534,-6.0781983,-6.525578,-2.6420276,-5.5427846,-4.2348606
0,0,198,-8.9330702,-6.1327799,-6.5583369,-2.710276,-5.5986075,-4.2878983
0,0,199,-8.9631753,-6.1741382,-6.5834625,-2.7719044,-5.6529733,-4.3409735
0,0,200,-8.9920728,-6.2024647,-6.6026693,-2.8247314,-5.705583,-4.3941366
0,0,201,-9.0200352,-6.220049,-6.6178454,-2.8673414,-5.756093,-4.4467145
0,0,202,-9.047339,-6.2302817,-6.6306488,-2.8997662,-5.8042236,-4.4994995
0,0,203,-9.0742195,-6.2364021,-6.6423576,-2.9232731,-5.8497718,-4.5524627
0,0,204,-9.1008358,-6.2408286,-6.653903,-2.9400186,-5.8925672,-4.6051064
0,0,205,-9.1274126,-6.2452143,-6.6659586,-2.9523968,-5.9326272,-4.6579545
0,0,206,-9.1540046,-6.2505699,-6.6787815,-2.9623842,-5.9700339,-4.7107731
0,0,207,-9.1807308,-6.2573738,-6.6927304,-2.9713618,-6.0049648,-4.7622094
0,0,208,-9.2076961,-6.2659077,-6.7078027,-2.9805426,-6.0376719,-4.8155285
0,0,209,-9.2349052,-6.2762133,-6.7240879,-2.990436,-6.0684973,-4.8664763
0,0,210,-9.2625201,-6.2882893,-6.7415856,-3.0014691,-6.097743,-4.9201781
0,0,211,-9.2904098,-6.3020633,-6.7602849,-3.0138158,-6.1257372,-4.9751642
0,0,212,-9.3187185,-6.3174306,-6.7800575,-3.0275198,-6.1527957,-5.0246482
0,0,213,-9.3473848,-6.3342996,-6.8009418,-3.0426434,-6.1791707,-5.0766011
0,0,214,-9.3764796,-6.3525749,-6.8227889,-3.0590692,-6.2051431,-5.1285709
0,0,215,-9.4059631,-6.37209,-6.8456963,-3.0768556,-6.2308834,-5.179627
0,0,216,-9.4358271,-6.3928427,-6.8693775,-3.0958905,-6.2565633,-5.2292577
0,0,217,-9.4661177,-6.4147089,-6.8940077,-3.1160521,-6.2823011,-5.2825059
0,0,218,-9.4967319,-6.4375876,-6.9194323,-3.1373172,-6.3082052,-5.3346073
0,0,219,-9.5278054,-6.461411,-6.9455669,-3.1596373,-6.3343804,-5.3826008
0,0,220,-9.5592327,-6.4861487,-6.9724357,-3.1829143,-6.3608575,-5.4373469
0,0,221,-9.5909544,-6.5116882,-6.9999004,-3.207064,-6.3876357,-5.487599
0,0,222,-9.6231226,-6.5380143,-7.0281102,-3.2320771,-6.4148323,-5.537525
0,0,223,-9.6555688,-6.5650613,-7.0568447,-3.2578625,-6.4424207,-5.5808922
0,0,224,-9.688366,-6.5927873,-7.0861206,-3.2843869,-6.4704685,-5.642432
0,0,225,-9.7214924,-6.6211609,-7.1160032,-3.3116499,-6.4988956,-5.6981418
0,0,226,-9.7549521,-6.6501117,-7.1463642,-3.3395499,-6.5277514,-5.7413214
0,0,227,-9.7886833,-6.6796385,-7.1770879,-3.3680558,-6.5569767,-5.7911896
0,0,228,-9.8227053,-6.7096754,-7.208442,-3.3970877,-6.5866625,-5.8332118
0,0,229,-9.8569827,-6.7402181,-7.2400444,-3.426775,-6.6167184,-5.8904414
0,0,230,-9.8916306,-6.7712793,-7.2723278,-3.4569554,-6.6472368,-5.9364472
0,0,231,-9.9264549,-6.8027487,-7.304701,-3.4874426,-6.6781848,-5.9812581
0,0,232,-9.9615435,-6.8346952,-7.337613,-3.5186204,-6.709425,-6.0363985
0,0,233,-9.9969594,-6.8669932,-7.3708435,-3.550191,-6.7409962,-6.089889
0,0,234,-10.032471,-6.8996628,-7.4044076,-3.5821603,-6.7728901,-6.1239045
0,0,235,-10.068351,-6.9327942,-7.4382733,-3.6145102,-6.8052984,-6.1599989
0,0,236,-10.104386,-6.9662202,-7.4725047,-3.6471887,-6.8379307,-6.2258152
0,0,237,-10.140636,-6.9999426,-7.5070883,-3.6804089,-6.8708844,-6.2549321
0,0,238,-10.177106,-7.0340026,-7.5416792,-3.7137251,-6.9042346,-6.301284
0,0,239,-10.213821,-7.0685031,-7.5769109,-3.7476095,-6.937858,-6.3402107
0,0,240,-10.250621,-7.1031069,-7.6122018,-3.7815868,-6.9716943,-6.3667169
0,0,241,-10.28789,-7.1380173,-7.6477213,-3.8159481,-7.0059044,-6.4156472
0,0,242,-10.325045,-7.1733155,-7.6835352,-3.8507128,-7.0403555,-6.4926841
0,0,243,-10.362481,-7.2088597,-7.7197383,-3.8857236,-7.0749805,-6.5251053
0,0,244,-10.399962,-7.2445795,-7.7560682,-3.9208136,-7.1100611,-6.543972
0,0,245,-10.437746,-7.2805528,-7.7925176,-3.9564587,-7.1454579,-6.5902411
0,0,246,-10.475929,-7.3169004,-7.8290509,-3.9921247,-7.1807214,-6.6038795
0,0,247,-10.513885,-7.3532633,-7.8657859,-4.027788,-7.2165435,-6.5681297
0,0,248,-10.551963,-7.3898085,-7.9032511,-4.0640832,-7.2523166,-6.6308269
0,0,249,-10.590651,-7.4267685,-7.9405128,-4.1000863,-7.28846,-6.6395688
0,0,250,-10.629033,-7.4638826,-7.977867,-4.1367863,-7.3249083,-6.6788675
0,0,251,-10.667667,-7.5009284,-8.0149747,-4.1732573,-7.3615937,-6.6627779
0,0,252,-10.706519,-7.5387223,-8.0533053,-4.2110961,-7.3980137,-6.7724688
0,0,253,-10.745221,-7.576189,-8.0910509,-4.2476422,-7.4352231,-6.6795003
0,0,254,-10.784547,-7.6139245,-8.1289854,-4.2843729,-7.4720512,-6.7262579
0,0,255,-10.823661,-7.651761,-8.1674278,-4.3219701,-7.5097122,-6.7735585
0,0,256,-10.862953,-7.690099,-8.2052477,-4.3590966,-7.5468584,-6.7606928
0,0,257,-10.902645,-7.7284112,-8.2436709,-4.3968092,-7.5850556,-6.8078021
0,0,258,-10.941357,-7.7667214,-8.2823197,-4.4343145,-7.6225673,-6.7425034
0,0,259,-10.981349,-7.8047541,-8.320063,-4.4723052,-7.6604494,-6.8044384
0,0,260,-11.020625,-7.8439173,-8.3594001,-4.5104623,-7.6987819,-6.7383108
0,0,261,-11.060574,-7.8825468,-8.3974574,-4.5464924,-7.7368482,-6.7598515
0,0,262,-11.100384,-7.9218085,-8.4367194,-4.5835546,-7.7756228,-6.67027
0,0,263,-11.140075,-7.9601281,-8.4754021,-4.6226996,-7.8146669,-6.816402
0,0,264,-11.179757,-7.9999189,-8.5145883,-4.6585596,-7.8532987,-6.8190914
0,0,265,-11.219701,-8.0391216,-8.5519265,-4.6969246,-7.8922504,-6.7871573
0,0,266,-11.259863,-8.0779004,-8.5910051,-4.7351374,-7.9300104,-6.6970436
0,0,267,-11.300009,-8.1173313,-8.6301447,-4.7691944,-7.9692791,-6.7923851
0,0,268,-11.338439,-8.1559821,-8.6696768,-4.8065546,-8.0084711,-6.7977878
0,0,269,-11.379195,-8.196009,-8.7037719,-4.841062,-8.0502474,-6.6643344
0,0,270,-11.418459,-8.2358418,-8.7443149,-4.8754845,-8.086932,-6.7671844
0,0,271,-11.456935,-8.2760886,-8.776688,-4.9086168,-8.1258436,-6.8296343
0,0,272,-11.496138,-8.3150262,-8.8132938,-4.9389604,-8.1693358,-6.7500043
0,0,273,-11.535821,-8.3530288,-8.8538564,-4.9742752,-8.2068288,-6.7370694
0,0,274,-11.573044,-8.3921781,-8.8880051,-5.0012681,-8.2462579,-6.7844344
0,0,275,-11.611269,-8.432264,-8.9239623,-5.0314582,-8.288417,-6.8560515
0,0,276,-11.646618,-8.470015,-8.9582601,-5.059803,-8.3249696,-6.7927081
0,0,277,-11.681587,-8.5091094,-8.9790308,-5.0762897,-8.3664028,-6.6957889
0,0,278,-11.722631,-8.549176,-9.0192795,-5.1182205,-8.407297,-6.6851192
0,0,279,-11.761133,-8.5869356,-9.0489617,-5.1501655,-8.4489993,-6.7216568
0,0,280,-11.791164,-8.625898,-9.0790352,-5.1544824,-8.4867548,-6.8091263
0,0,281,-11.820672,-8.6616241,-9.1029993,-5.1694064,-8.532733,-6.7994233
0,0,282,-11.858577,-8.6969878,-9.127141,-5.2082299,-8.5689275,-6.7876184
0,0,283,-11.890924,-8.735236,-9.151028,-5.2258159,-8.6087542,-6.7093143
0,0,284,-11.914611,-8.7698209,-9.1642713,-5.2217164,-8.6481758,-6.7602441
0,0,285,-11.947859,-8.7984905,-9.1815331,-5.2439737,-8.6881834,-6.815952
0,0,286,-11.964767,-8.8296773,-9.2014144,-5.2482644,-8.7329845,-6.8259106
0,0,287,-11.982852,-8.8729634,-9.207063,-5.2539611,-8.7758557,-6.8291633
0,0,288,-11.999986,-8.8848635,-9.2290333,-5.2500188,-8.8179681,-6.6999343
0,0,289,-12.025228,-8.9204749,-9.2389827,-5.2722843,-8.8485885,-6.7673814
0,0,290,-12.034487,-8.940355,-9.2694231,-5.2603653,-8.8939186,-6.7547342
0,0,291,-12.060726,-8.9674895,-9.2863687,-5.2802415,-8.9383803,-6.7472103
0,0,292,-12.069711,-8.9983813,-9.262393,-5.2778916,-8.9718295,-6.80723
0,0,293,-12.073695,-9.0047308,-9.2669502,-5.274539,-9.0182752,-6.7607115
0,0,294,-12.102633,-9.0324922,-9.2848673,-5.2955845,-9.0495,-6.8082437
0,0,295,-12.124755,-9.0556683,-9.2862939,-5.3113717,-9.0989895,-6.8053763
0,0,296,-12.120336,-9.0701706,-9.2951744,-5.3068795,-9.131299,-6.7997974
0,0,297,-12.111937,-9.0765507,-9.26982,-5.2888935,-9.1498357,-6.8543466
0,0,298,-12.089574,-9.0525882,-9.2833136,-5.2721847,-9.2319628,-6.6727311
0,0,299,-12.118673,-9.0712954,-9.2875227,-5.2900618,-9.2549322,-6.7886601
0,0,300,-12.120217,-9.0892914,-9.3003696,-5.2908437,-9.3013382,-6.7177093
0,0,301,-12.155815,-9.1303484,-9.3043297,-5.3265325,-9.3060058,-6.8009617
0,0,302,-12.14832,-9.1296699,-9.3022775,-5.3156476,-9.3456821,-6.7707976
0,0,303,-12.146867,-9.109285,-9.3030835,-5.3081037,-9.3775016,-6.764361
0,0,304,-12.110477,-9.120038,-9.2910501,-5.2728025,-9.4372814,-6.7438951
0,0,305,-12.150714,-9.1485019,-9.2928821,-5.3170462,-9.4418038,-6.7785614
0,0,306,-12.154714,-9.1601142,-9.3185954,-5.3227562,-9.4820869,-6.7477141
0,0,307,-12.131739,-9.1569745,-9.3050895,-5.2955555,-9.5465967,-6.8413043
0,0,308,-12.153181,-9.1142288,-9.2971239,-5.3142253,-9.4882786,-6.7039384
0,0,309,-12.112658,-9.1134517,-9.3207323,-5.2721025,-9.5066444,-6.7183149
0,0,310,-12.123819,-9.1508174,-9.3278822,-5.2814661,-9.6489154,-6.7922858
0,0,311,-12.128272,-9.1423124,-9.2812211,-5.2908839,-9.6157797,-6.7298636
0,0,312,-12.1377,-9.1498519,-9.2629355,-5.3085272,-9.6136301,-6.7396055
0,0,313,-12.120262,-9.1380013,-9.2758046,-5.282892,-9.6508115,-6.7707462
0,0,314,-12.14019,-9.1221277,-9.3088284,-5.2935712,-9.673241,-6.7103302
0,0,315,-12.128873,-9.1489635,-9.3104159,-5.2844711,-9.6819756,-6.7878408
0,0,316,-12.136711,-9.1422214,-9.302796,-5.2982237,-9.6768042,-6.7610496
0,0,317,-12.147139,-9.1430107,-9.3085934,-5.3054567,-9.6716864,-6.7343749
0,0,318,-12.169339,-9.1638379,-9.3130295,-5.3302661,-9.6990474,-6.7955643
0,0,319,-12.137346,-9.1254812,-9.3443228,-5.2957223,-9.6942772,-6.6617114
0,0,320,-12.137605,-9.1679051,-9.3359604,-5.2898648,-9.748289,-6.7992468
0,0,321,-12.162706,-9.1731763,-9.3393537,-5.328681,-9.7031974,-6.8417494
0,0,322,-12.163626,-9.1496503,-9.319236,-5.3241628,-9.6903592,-6.7481349
0,0,323,-12.14105,-9.1494897,-9.3216921,-5.3030424,-9.6894744,-6.7012742
0,0,324,-12.13046,-9.1383968,-9.2986988,-5.2932708,-9.6730281,-6.7312195
0,0,325,-12.15966,-9.1558343,-9.2988544,-5.3166244,-9.6644044,-6.8386845
0,0,326,-12.111267,-9.1413795,-9.2988137,-5.2690456,-9.7124624,-6.7716614
0,0,327,-12.178724,-9.1507996,-9.2960133,-5.3294053,-9.7453817,-6.8176326
0,0,328,-12.155026,-9.1490161,-9.2990631,-5.3223572,-9.6937221,-6.6985539
0,0,329,-12.133486,-9.1497529,-9.2853906,-5.2934743,-9.6773086,-6.783585
0,0,330,-12.082319,-9.1252138,-9.3091417,-5.24513,-9.6709654,-6.6787392
0,0,331,-12.166219,-9.1705463,-9.287223,-5.3221335,-9.6939384,-6.8071014
0,0,332,-12.154768,-9.1620427,-9.3361057,-5.3115999,-9.745625,-6.7781081
0,0,333,-12.138272,-9.16848,-9.310123,-5.2941061,-9.7051055,-6.79385
0,0,334,-12.158683,-9.1829621,-9.3108617,-5.3184334,-9.7458818,-6.7996182
0,0,335,-12.097962,-9.1292493,-9.3178933,-5.2591549,-9.7094148,-6.7462675
0,0,336,-12.149668,-9.1549936,-9.295953,-5.3049064,-9.6973952,-6.7166062
0,0,337,-12.112119,-9.134013,-9.2728346,-5.2660033,-9.7234386,-6.7715315
0,0,338,-12.142027,-9.1335695,-9.2916792,-5.298541,-9.6988026,-6.6926961
0,0,339,-12.150415,-9.1490166,-9.2932269,-5.3188269,-9.7141633,-6.8125503
0,0,340,-12.152722,-9.1527968,-9.3071823,-5.3096722,-9.7244917,-6.817137
0,0,341,-12.15883,-9.1539554,-9.3069995,-5.3074624,-9.6664587,-6.7757158
0,0,342,-12.10589,-9.162558,-9.3022537,-5.2649085,-9.7125831,-6.784247
0,0,343,-12.11771,-9.1340595,-9.3109944,-5.2802795,-9.6666451,-6.7307171
0,0,344,-12.161489,-9.1556905,-9.2986968,-5.3225476,-9.7242612,-6.8129979
0,0,345,-12.15584,-9.1601257,-9.3066515,-5.3148739,-9.7290267,-6.8154555
0,0,346,-12.13219,-9.1443549,-9.3249799,-5.2909775,-9.7068723,-6.7053981
0,0,347,-12.158002,-9.1503127,-9.3108219,-5.3165631,-9.7094052,-6.7156738
0,0,348,-12.137376,-9.1566725,-9.3157118,-5.2983252,-9.752303,-6.8339154
0,0,349,-12.132075,-9.1326939,-9.276835,-5.2907595,-9.7351293,-6.7574433
0,0,350,-12.15277,-9.153361,-9.3182641,-5.3062119,-9.7228862,-6.7982533
0,0,351,-12.134332,-9.1477476,-9.2916371,-5.2994498,-9.7331561,-6.7756691
0,0,352,-12.147913,-9.1390106,-9.2868866,-5.3039537,-9.6611354,-6.7101144
0,0,353,-12.159609,-9.1419042,-9.2674583,-5.3170528,-9.6986721,-6.7605427
0,0,354,-12.135742,-9.1544066,-9.2727049,-5.2954451,-9.7710826,-6.8246615
0,0,355,-12.166931,-9.1681993,-9.2814983,-5.3311959,-9.7309785,-6.7887797
0,0,356,-12.149481,-9.1499526,-9.2899042,-5.3045225,-9.7066265,-6.7036112
0,0,357,-12.133477,-9.1462481,-9.3162247,-5.2904285,-9.6646812,-6.6788893
0,0,358,-12.161303,-9.1679218,-9.313199,-5.3166022,-9.7437356,-6.8155329
0,0,359,-12.163193,-9.1488672,-9.3117929,-5.3249689,-9.7179341,-6.7840708
0,0,360,-12.152867,-9.1332248,-9.2757119,-5.3108555,-9.7254936,-6.7442008
0,0,361,-12.157497,-9.1433338,-9.2922855,-5.3106198,-9.7024782,-6.8090729
0,0,362,-12.178835,-9.1644088,-9.330603,-5.338077,-9.7234168,-6.8270163
0,0,363,-12.138694,-9.130327,-9.3260308,-5.3002362,-9.6854567,-6.7072963
0,0,364,-12.147433,-9.1398723,-9.3152133,-5.3036094,-9.7194309,-6.7538463
0,0,365,-12.162483,-9.1643738,-9.2854862,-5.3239959,-9.7235237,-6.8090616
0,0,366,-12.143973,-9.1673562,-9.321285,-5.3039023,-9.7119347,-6.735239
0,0,367,-12.157168,-9.1659455,-9.3170967,-5.3184516,-9.7366734,-6.7689446
0,0,368,-12.132177,-9.1354466,-9.3392332,-5.2918571,-9.6950814,-6.7280604
0,0,369,-12.144501,-9.1469106,-9.2977733,-5.2994045,-9.7482023,-6.7570757
0,0,370,-12.154386,-9.1463934,-9.2985408,-5.3119911,-9.7130294,-6.7351489
0,0,371,-12.147323,-9.1605826,-9.3053518,-5.3058144,-9.7429346,-6.8027261
0,0,372,-12.15641,-9.158842,-9.3040127,-5.3129282,-9.7401763,-6.7777782
0,0,373,-12.111534,-9.1346503,-9.3115573,-5.2778308,-9.7563858,-6.7961955
0,0,374,-12.12384,-9.1174695,-9.3272912,-5.2857467,-9.7532441,-6.7576438
0,0,375,-12.146553,-9.1395112,-9.3404625,-5.3082086,-9.7162339,-6.6962419
0,0,376,-12.142511,-9.119096,-9.2963784,-5.3080989,-9.7347047,-6.6945373
0,0,377,-12.167687,-9.1620717,-9.2962484,-5.3296925,-9.7231847,-6.8223518
0,0,378,-12.165653,-9.1561313,-9.3298956,-5.3251632,-9.7438644,-6.7821677
0,0,379,-12.13598,-9.1279195,-9.2911688,-5.2945326,-9.7158365,-6.7562601
0,0,380,-12.170637,-9.1568308,-9.3081674,-5.328493,-9.7444357,-6.7861613
0,0,381,-12.184415,-9.1930812,-9.3246165,-5.3374503,-9.8495897,-6.8118012
0,0,382,-12.243164,-9.2098245,-9.3611585,-5.4031565,-9.8786435,-6.8670911
0,0,383,-12.251384,-9.1979466,-9.3651217,-5.4099755,-9.8376338,-6.7299823
0,0,384,-12.244228,-9.1989,-9.3833422,-5.4007791,-9.8182273,-6.7012889
0,0,385,-12.238105,-9.2031934,-9.3804147,-5.4030814,-9.8268837,-6.717604
0,0,386,-12.259113,-9.2098647,-9.3745467,-5.4216542,-9.8454663,-6.7557751
0,0,387,-12.248701,-9.214765,-9.3821272,-5.4068342,-9.8442686,-6.7337608
0,0,388,-12.246095,-9.2160817,-9.3874461,-5.408863,-9.8109595,-6.7018756
0,0,389,-12.244542,-9.195174,-9.3826971,-5.3977094,-9.7924312,-6.6542102
0,0,390,-12.289748,-9.23796,-9.4127627,-5.4512069,-9.8541862,-6.7449229
0,0,391,-12.247587,-9.1964409,-9.4094055,-5.4078712,-9.8293776,-6.6870583
0,0,392,-12.268982,-9.2143042,-9.3984585,-5.4245511,-9.850802,-6.7151512
0,0,393,-12.258103,-9.2093834,-9.3677423,-5.421123,-9.8472272,-6.73574
0,0,394,-12.246009,-9.2161654,-9.3774295,-5.4075118,-9.8376163,-6.7354477
0,0,395,-12.238615,-9.2091299,-9.4124017,-5.3976238,-9.8799214,-6.7563293
0,0,396,-12.253102,-9.2125496,-9.3881654,-5.40661,-9.8389213,-6.7186316
0,0,397,-12.296694,-9.2240388,-9.3818631,-5.4576441,-9.8463537,-6.728322
0,0,398,-12.265902,-9.1973105,-9.3708739,-5.4206793,-9.8308929,-6.7161315
0,0,399,-12.22105,-9.1717939,-9.3727619,-5.3809128,-9.7871607,-6.6500336
0,0,400,-12.249157,-9.2269534,-9.4055045,-5.407191,-9.8172123,-6.7156844
0,0,401,-12.286973,-9.2064999,-9.3869938,-5.4411984,-9.8378219,-6.7377733
0,0,402,-12.268336,-9.2157311,-9.3866618,-5.4239321,-9.8790497,-6.7860325
0,0,403,-12.243439,-9.1847469,-9.3767625,-5.4006084,-9.8539697,-6.7323116
0,0,404,-12.230196,-9.1936504,-9.3898897,-5.383097,-9.8454988,-6.7274424
0,0,405,-12.231073,-9.1834058,-9.4132221,-5.3895412,-9.8150855,-6.681601
0,0,406,-12.25453,-9.1921625,-9.4226901,-5.4053674,-9.8744818,-6.7403937
0,0,407,-12.22739,-9.1893975,-9.382313,-5.386093,-9.8401948,-6.7281269
0,0,408,-12.247008,-9.1946937,-9.3757028,-5.3994933,-9.8277464,-6.7250527
0,0,409,-12.249512,-9.2044534,-9.3727994,-5.4063816,-9.8559261,-6.7458722
0,0,410,-12.258201,-9.2018438,-9.3766602,-5.4177652,-9.8564438,-6.7350503
0,0,411,-12.254767,-9.2032925,-9.4014543,-5.4158368,-9.8176611,-6.6798195
0,0,412,-12.231301,-9.1893191,-9.3865881,-5.3836966,-9.8118073,-6.6604769
0,0,413,-12.238779,-9.2165042,-9.3743296,-5.3957488,-9.8637952,-6.7372967
0,0,414,-12.231346,-9.2092902,-9.3787906,-5.3914695,-9.8767432,-6.7581308
0,0,415,-12.217192,-9.1920081,-9.3784106,-5.3821063,-9.8187709,-6.7004915
0,0,416,-12.230512,-9.2267264,-9.3960751,-5.3890854,-9.837818,-6.742496
0,0,417,-12.233158,-9.2153212,-9.3845899,-5.3949769,-9.8560279,-6.7540634
0,0,418,-12.23383,-9.1823838,-9.400491,-5.3928034,-9.8106272,-6.7022516
0,0,419,-12.22053,-9.2115441,-9.3919592,-5.379169,-9.8357963,-6.7141086
0,0,420,-12.254446,-9.2169117,-9.3898688,-5.4095345,-9.8364943,-6.7020082
0,0,421,-12.247239,-9.1959047,-9.3846235,-5.4044437,-9.8475771,-6.7098913
0,0,422,-12.237042,-9.2014838,-9.4013973,-5.3899931,-9.8436006,-6.7602664
0,0,423,-12.21138,-9.1884212,-9.3799743,-5.3739078,-9.8162121,-6.6684631
0,0,424,-12.231313,-9.2106197,-9.4061261,-5.3876538,-9.8456095,-6.7395052
0,0,425,-12.249787,-9.2302678,-9.3787586,-5.4071089,-9.8397218,-6.7611509
0,0,426,-12.25114,-9.2225917,-9.3586429,-5.4093341,-9.8535161,-6.7789045
0,0,427,-12.218904,-9.1979104,-9.395098,-5.3774616,-9.793043,-6.6508841
0,0,428,-12.225349,-9.2247419,-9.3873435,-5.3884843,-9.8140554,-6.6914741
0,0,429,-12.256987,-9.2241757,-9.3855578,-5.4132112,-9.8520268,-6.7431736
0,0,430,-12.243134,-9.2204551,-9.3851287,-5.4008445,-9.8554316,-6.7467727
0,0,431,-12.253986,-9.2066531,-9.3978403,-5.4104261,-9.8354017,-6.7274222
0,0,432,-12.254885,-9.1923159,-9.3733362,-5.4162846,-9.8090976,-6.688638
0,0,433,-12.242217,-9.2094153,-9.4007122,-5.4021013,-9.8076018,-6.683768
0,0,434,-12.220481,-9.1910305,-9.3911903,-5.3813909,-9.8155151,-6.6785566
0,0,435,-12.238483,-9.1990719,-9.364129,-5.3913754,-9.8475152,-6.7245757
0,0,436,-12.254045,-9.1935139,-9.3737706,-5.4093005,-9.8560008,-6.7323043
0,0,437,-12.257783,-9.2082778,-9.3546894,-5.4094727,-9.8816948,-6.7817848
0,0,438,-12.238952,-9.2062297,-9.3642413,-5.3954582,-9.8616435,-6.7323
0,0,439,-12.25146,-9.2058843,-9.3997947,-5.4070971,-9.8496405,-6.726917
0,0,440,-12.239723,-9.1885894,-9.404564,-5.3985102,-9.8069845,-6.6666684
0,0,441,-12.246542,-9.2160114,-9.3601641,-5.4001187,-9.8301685,-6.7565021
0,0,442,-12.232029,-9.2201842,-9.3790958,-5.3838839,-9.8257265,-6.7248284
0,0,443,-12.240048,-9.2067434,-9.3626518,-5.4088543,-9.8458703,-6.7404208
0,0,444,-12.250659,-9.194836,-9.3798371,-5.4030644,-9.8377285,-6.7110872
0,0,445,-12.241083,-9.2000698,-9.3866415,-5.3983151,-9.8209016,-6.7021808
0,0,446,-12.262143,-9.2189852,-9.3797547,-5.4314633,-9.8213863,-6.7062428
0,0,447,-12.261041,-9.191434,-9.4078864,-5.4207002,-9.8054965,-6.6769197
0,0,448,-12.282109,-9.2378483,-9.3934593,-5.4410377,-9.8545088,-6.7433339
0,0,449,-12.262542,-9.2314487,-9.4076029,-5.4221138,-9.8570262,-6.7743473
0,0,450,-12.23129,-9.1979308,-9.4111391,-5.3871594,-9.8189762,-6.7150041
0,0,451,-12.256296,-9.2085624,-9.3950433,-5.4160762,-9.8336468,-6.7328806
0,0,452,-12.258092,-9.2210124,-9.3661789,-5.4203824,-9.8515401,-6.736583
0,0,453,-12.241284,-9.2213056,-9.3910877,-5.3976467,-9.8478325,-6.7338079
0,0,454,-12.238295,-9.1916941,-9.3613748,-5.4012127,-9.8046797,-6.6698024
0,0,455,-12.250419,-9.2069911,-9.3701758,-5.4098644,-9.8300928,-6.7216432
0,0,456,-12.254447,-9.1975325,-9.3778923,-5.4140349,-9.8317388,-6.7063271
0,0,457,-12.264787,-9.2066072,-9.3977484,-5.4241848,-9.8377697,-6.7148075
0,0,458,-12.246725,-9.1869272,-9.3863198,-5.4077299,-9.7748786,-6.6353966
0,0,459,-12.258527,-9.2157887,-9.384818,-5.4115126,-9.8431249,-6.7618971
0,0,460,-12.243822,-9.2047182,-9.3793695,-5.4048274,-9.8402201,-6.7127794
0,0,461,-12.252601,-9.2148277,-9.4131219,-5.4088819,-9.8223601,-6.7145988
0,0,462,-12.247813,-9.215314,-9.4181905,-5.4079765,-9.8427348,-6.7252464
0,0,463,-12.241825,-9.2064413,-9.4257543,-5.400441,-9.8379041,-6.7242538
0,0,464,-12.249895,-9.2163379,-9.3913897,-5.4110471,-9.8427769,-6.7408033
0,0,465,-12.238559,-9.2299804,-9.4093107,-5.3999095,-9.8426171,-6.7169929
0,0,466,-12.261108,-9.2038223,-9.4046039,-5.4148257,-9.8253902,-6.7211703
0,0,467,-12.246873,-9.1801384,-9.4046605,-5.4083675,-9.7696858,-6.6243049
0,0,468,-12.235388,-9.1799591,-9.3817286,-5.3943517,-9.8093051,-6.6773895
0,0,469,-12.281192,-9.2236737,-9.4166085,-5.4340159,-9.8588826,-6.7437931
0,0,470,-12.240604,-9.2008111,-9.4025805,-5.3934422,-9.8210446,-6.7041618
0,0,471,-12.261673,-9.221577,-9.3715947,-5.4118677,-9.8800201,-6.8229759
0,0,472,-12.256669,-9.2180338,-9.3805438,-5.4165034,-9.8732117,-6.7959452
0,0,473,-12.248025,-9.2146215,-9.3719577,-5.4148031,-9.815256,-6.6797376
0,0,474,-12.270925,-9.2074826,-9.3940321,-5.4290162,-9.8317311,-6.7087672
0,0,475,-12.240873,-9.2287109,-9.3941906,-5.3965738,-9.8362734,-6.7308659
0,0,476,-12.262007,-9.2248002,-9.4048199,-5.4215049,-9.8577062,-6.7627295
0,0,477,-12.25211,-9.2012364,-9.3891211,-5.4141042,-9.7778674,-6.6365646
0,0,478,-12.251193,-9.1965677,-9.4083406,-5.408417,-9.8085855,-6.6815045
0,0,479,-12.24996,-9.2049764,-9.3966131,-5.401277,-9.8126554,-6.6878339
0,0,480,-12.255233,-9.1955877,-9.4002126,-5.4088712,-9.8750746,-6.7663252
0,0,481,-12.22028,-9.2193551,-9.39877,-5.3744471,-9.8522949,-6.7210104
0,0,482,-12.235895,-9.2127104,-9.3859953,-5.3935792,-9.8376801,-6.7373009
0,0,483,-12.250448,-9.1978629,-9.392091,-5.3978713,-9.8643497,-6.7503876
0,0,484,-12.246825,-9.2177067,-9.4091403,-5.4070177,-9.8729966,-6.755494
0,0,485,-12.237753,-9.2001028,-9.4068576,-5.3937954,-9.8602774,-6.7334898
0,0,486,-12.25774,-9.2066574,-9.3987146,-5.4198978,-9.834959,-6.7326753
0,0,487,-12.232202,-9.1771918,-9.3898513,-5.3933321,-9.7625113,-6.6123575
0,0,488,-12.245015,-9.2039353,-9.3681089,-5.401398,-9.8189583,-6.7139529
0,0,489,-12.245394,-9.2232076,-9.3945053,-5.4006976,-9.89332,-6.8262644
0,0,490,-12.257859,-9.241408,-9.386453,-5.4166062,-9.8879156,-6.7649098
0,0,491,-12.244489,-9.2044142,-9.394703,-5.3964684,-9.8279821,-6.7025084
0,0,492,-12.218651,-9.2023953,-9.3809962,-5.379514,-9.8192842,-6.6968338
0,0,493,-12.256729,-9.2204861,-9.4103234,-5.4203352,-9.8609956,-6.7822871
0,0,494,-12.227083,-9.2010847,-9.4115494,-5.3913119,-9.7996087,-6.6613267
0,0,495,-12.25305,-9.2185941,-9.3653408,-5.4051255,-9.8278453,-6.7307819
0,0,496,-12.267943,-9.2191782,-9.353003,-5.421817,-9.8398201,-6.7210739
0,0,497,-12.244316,-9.193434,-9.3770999,-5.4047416,-9.8155238,-6.68597
0,0,498,-12.245746,-9.1909048,-9.3832026,-5.4053202,-9.8219277,-6.7005445
0,0,499,-12.264142,-9.2213841,-9.3880046,-5.4240813,-9.8586586,-6.727168
0,0,500,-12.266321,-9.2142908,-9.4106789,-5.4172259,-9.848841,-6.755332
0,0,501,-12.253872,-9.1987428,-9.4289697,-5.4134656,-9.822896,-6.6917258
0,0,502,-12.252409,-9.1980528,-9.4011764,-5.4080042,-9.8355889,-6.7024652
0,0,503,-12.270707,-9.2358102,-9.3932009,-5.4212183,-9.8553529,-6.7629587
0,0,504,-12.245993,-9.2149084,-9.3879332,-5.4024461,-9.8371028,-6.7338587
0,0,505,-12.22588,-9.2173532,-9.3699423,-5.3779497,-9.8442252,-6.7143245
0,0,506,-12.21826,-9.1867203,-9.3807228,-5.37814,-9.7892362,-6.6792314
0,0,507,-12.218889,-9.1952129,-9.3958575,-5.3748776,-9.7916041,-6.6506777
0,0,508,-12.231546,-9.1983514,-9.3827295,-5.3852724,-9.8440256,-6.7293805
0,0,509,-12.255848,-9.2180812,-9.3882946,-5.4137277,-9.856113,-6.7333146
0,0,510,-12.251952,-9.2059523,-9.4110686,-5.4140201,-9.8238503,-6.7217029
0,0,511,-12.283084,-9.2305023,-9.3886971,-5.4436387,-9.8480279,-6.7446672
0,0,512,-12.272928,-9.2258503,-9.4239542,-5.4298166,-9.8418085,-6.7616412
0,0,513,-12.260879,-9.1918067,-9.4101314,-5.4188855,-9.8617841,-6.7569721
0,0,514,-12.237074,-9.1868098,-9.3751603,-5.3926547,-9.81383,-6.6922982
0,0,515,-12.238196,-9.1986151,-9.3889456,-5.404193,-9.7831096,-6.66116
0,0,516,-12.223279,-9.1705026,-9.4080229,-5.3748669,-9.7939167,-6.6534548
0,0,517,-12.238247,-9.2118704,-9.3804413,-5.3927114,-9.8390692,-6.7296706
0,0,518,-12.261205,-9.2207077,-9.396003,-5.4196404,-9.880359,-6.8065628
0,0,519,-12.258844,-9.2155874,-9.3770738,-5.415036,-9.8612907,-6.7838169
0,0,520,-12.226836,-9.1977985,-9.3582953,-5.3829136,-9.8114631,-6.6785978
0,0,521,-12.219034,-9.2045363,-9.3681421,-5.3764909,-9.81261,-6.6791279
0,0,522,-12.229419,-9.1848786,-9.3745031,-5.3905803,-9.8361463,-6.7131033
0,0,523,-12.227855,-9.2029168,-9.378033,-5.3870139,-9.8608681,-6.7391115
0,0,524,-12.242516,-9.2177438,-9.3895569,-5.4010755,-9.8481824,-6.7415647
0,0,525,-12.260277,-9.2034184,-9.4104495,-5.4185902,-9.814736,-6.679979
0,0,526,-12.262878,-9.2088431,-9.3917284,-5.4185933,-9.8407615,-6.7145846
0,0,527,-12.230548,-9.1993897,-9.3909157,-5.3911049,-9.8330869,-6.7039761
0,0,528,-12.242214,-9.2177386,-9.4085372,-5.406055,-9.8747976,-6.7847581
0,0,529,-12.259617,-9.1893313,-9.3900222,-5.420284,-9.8030182,-6.6710945
0,0,530,-12.24033,-9.2155069,-9.3648876,-5.397429,-9.8444502,-6.7196945
0,0,531,-12.215495,-9.2168629,-9.4001327,-5.3697521,-9.8400106,-6.7229871
0,0,532,-12.253885,-9.2019847,-9.359295,-5.4106364,-9.8492474,-6.7327297
0,0,533,-12.24207,-9.1979804,-9.3629095,-5.396368,-9.8431168,-6.7180308
0,0,534,-12.235652,-9.1995773,-9.3890362,-5.3969636,-9.8442109,-6.724877
0,0,535,-12.237388,-9.1689149,-9.3862054,-5.3935133,-9.7735885,-6.6272045
0,0,536,-12.28976,-9.2135721,-9.3713845,-5.4388021,-9.8174977,-6.6967045
0,0,537,-12.275223,-9.2295666,-9.440769,-5.4284965,-9.8627668,-6.7940628
0,0,538,-12.278209,-9.2249823,-9.4154269,-5.4320309,-9.8614758,-6.7558868
0,0,539,-12.225586,-9.2092313,-9.3893457,-5.3850988,-9.8268478,-6.7102386
0,0,540,-12.246489,-9.2196977,-9.3783181,-5.4040533,-9.8431481,-6.7389534
0,0,541,-12.25833,-9.221045,-9.3785195,-5.4139793,-9.8736175,-6.757754
0,0,542,-12.25167,-9.2003038,-9.398356,-5.4144286,-9.8279911,-6.7027438
0,0,543,-12.210944,-9.2062996,-9.3827841,-5.3724291,-9.8453292,-6.7308301
0,0,544,-12.265446,-9.2020241,-9.4102707,-5.4215778,-9.8332419,-6.7444061
0,0,545,-12.212684,-9.2002487,-9.393753,-5.3754083,-9.8227371,-6.6872711
0,0,546,-12.243952,-9.1886159,-9.3742986,-5.3983518,-9.8273528,-6.6906947
0,0,547,-12.224867,-9.2069812,-9.3605332,-5.3871359,-9.8161013,-6.712447
0,0,548,-12.241588,-9.1908648,-9.3912388,-5.4001292,-9.8181043,-6.6844863
0,0,549,-12.237737,-9.206097,-9.3792843,-5.3937099,-9.8512318,-6.7385571
0,0,550,-12.263635,-9.222939,-9.3779211,-5.4034077,-9.8670803,-6.7617603
0,0,551,-12.243973,-9.1916276,-9.3832852,-5.4037177,-9.8324463,-6.7006008
0,0,552,-12.245902,-9.2076038,-9.3766436,-5.4039162,-9.8562649,-6.7326472
0,0,553,-12.22296,-9.2089331,-9.3857666,-5.3830783,-9.8661351,-6.7634718
0,0,554,-12.249515,-9.2131409,-9.3792063,-5.4087531,-9.8632624,-6.7717505
0,0,555,-12.234483,-9.1741109,-9.387864,-5.3927205,-9.8053217,-6.6824862
0,0,556,-12.255775,-9.2053751,-9.3865243,-5.4070047,-9.8481866,-6.7102227
0,0,557,-12.227756,-9.1945712,-9.3705111,-5.3928435,-9.7991276,-6.658469
0,0,558,-12.265647,-9.2200673,-9.4006335,-5.4263775,-9.808119,-6.7013729
0,0,559,-12.267905,-9.2256887,-9.4178314,-5.4225988,-9.8440266,-6.7344833
0,0,560,-12.287667,-9.2479532,-9.4144201,-5.4353593,-9.8773768,-6.792054
0,0,561,-12.265245,-9.2287999,-9.4055418,-5.4263408,-9.8280172,-6.7361424
0,0,562,-12.247124,-9.1899528,-9.364049,-5.4035339,-9.7936093,-6.6625125
0,0,563,-12.236402,-9.1919531,-9.3995363,-5.3986804,-9.8157113,-6.7041784
0,0,564,-12.248817,-9.1927249,-9.3740951,-5.4089186,-9.8050466,-6.6966245
0,0,565,-12.25234,-9.2184018,-9.3901068,-5.4126805,-9.8807385,-6.8013337
0,0,566,-12.225064,-9.1942376,-9.3815007,-5.3923555,-9.8158198,-6.6860458
0,0,567,-12.256184,-9.2403004,-9.3541249,-5.4146191,-9.8317507,-6.7380966
0,0,568,-12.248487,-9.2396123,-9.3908238,-5.4043895,-9.8509248,-6.7549637
0,0,569,-12.237768,-9.1983203,-9.3832553,-5.400756,-9.8071801,-6.6719414
0,0,570,-12.238343,-9.2056594,-9.3910536,-5.3953689,-9.8142187,-6.6905011
0,0,571,-12.246374,-9.2222922,-9.3664892,-5.3968802,-9.8592738,-6.7552712
0,0,572,-12.23595,-9.2013656,-9.3967853,-5.3876295,-9.829017,-6.7190428
0,0,573,-12.252632,-9.2182527,-9.4167732,-5.403842,-9.8333309,-6.7297544
0,0,574,-12.246252,-9.2162673,-9.3836647,-5.4058743,-9.8483039,-6.7428194
0,0,575,-12.219572,-9.1694718,-9.3724594,-5.3776968,-9.7756037,-6.6236255
0,0,576,-12.241461,-9.1841898,-9.3976951,-5.3971255,-9.8065178,-6.6770208
0,0,577,-12.240014,-9.2061482,-9.4024591,-5.3916711,-9.8653972,-6.7426456
0,0,578,-12.230079,-9.2016133,-9.3790339,-5.3898403,-9.8552292,-6.7246388
0,0,579,-12.263572,-9.2106691,-9.3868193,-5.4246096,-9.8494271,-6.7669671
0,0,580,-12.293986,-9.2294368,-9.3958469,-5.4534613,-9.8873525,-6.7993941
0,0,581,-12.227549,-9.1862522,-9.4146622,-5.3834725,-9.8224721,-6.7002586
0,0,582,-12.231471,-9.1910825,-9.3670721,-5.3869248,-9.8103195,-6.697109
0,0,583,-12.249659,-9.1991687,-9.3820149,-5.4106486,-9.807294,-6.6740959
0,0,584,-12.274508,-9.2170901,-9.3867653,-5.4257437,-9.8698198,-6.7592981
0,0,585,-12.268147,-9.2100846,-9.3852877,-5.4253661,-9.8099844,-6.6670084
0,0,586,-12.250559,-9.2164313,-9.4009351,-5.4096165,-9.8219301,-6.6924863
0,0,587,-12.25472,-9.2061286,-9.4049804,-5.4109143,-9.8399573,-6.7251254
0,0,588,-12.292236,-9.2282854,-9.4191135,-5.457486,-9.8922415,-6.7808007
0,0,589,-12.27044,-9.2068822,-9.3988744,-5.4252434,-9.8074717,-6.6904165
0,0,590,-12.260503,-9.2198398,-9.4085234,-5.4184314,-9.8620755,-6.7421691
0,0,591,-12.251899,-9.2106292,-9.3596119,-5.4121489,-9.8272008,-6.7092875
0,0,592,-12.246369,-9.2020378,-9.3830494,-5.3960673,-9.8485688,-6.7257795
0,0,593,-12.245525,-9.2108399,-9.4114643,-5.3933874,-9.8571943,-6.7803547
0,0,594,-12.241048,-9.1925486,-9.4039253,-5.3922678,-9.8319993,-6.7271209
0,0,595,-12.223485,-9.1800773,-9.4006844,-5.3798229,-9.7813277,-6.6169355
0,0,596,-12.234703,-9.1962924,-9.3954874,-5.3953638,-9.803489,-6.6808024
0,0,597,-12.267535,-9.2219703,-9.391462,-5.4277486,-9.8757027,-6.7807061
0,0,598,-12.24014,-9.2069585,-9.3793389,-5.4018115,-9.8666466,-6.7713392
0,0,599,-12.237668,-9.2165273,-9.3678971,-5.3943354,-9.8279638,-6.6855916
0,0,600,-12.25436,-9.2069847,-9.4109256,-5.4050935,-9.84235,-6.738483
0,0,601,-12.257232,-9.2141369,-9.4087659,-5.4129846,-9.8970927,-6.782828
0,0,602,-12.257184,-9.1980812,-9.3943933,-5.4158726,-9.7964722,-6.6541929
0,0,603,-12.25616,-9.2219172,-9.4108404,-5.4134358,-9.8518378,-6.737465
0,0,604,-12.23489,-9.1817992,-9.3680555,-5.3895448,-9.7912878,-6.6514432
0,0,605,-12.227863,-9.2183433,-9.3971348,-5.3874422,-9.8638256,-6.7549801
0,0,606,-12.221382,-9.1713848,-9.3848461,-5.3855209,-9.8215353,-6.6927012
0,0,607,-12.276997,-9.1981885,-9.3907531,-5.4342823,-9.8616778,-6.7512495
0,0,608,-12.22692,-9.1945526,-9.3616918,-5.3827693,-9.8310206,-6.7002584
0,0,609,-12.252889,-9.2141144,-9.3910217,-5.4066137,-9.8374857,-6.7255394
0,0,610,-12.243238,-9.2334157,-9.3557163,-5.4050885,-9.8433588,-6.7328432
0,0,611,-12.247291,-9.2113043,-9.3924665,-5.4085135,-9.8479471,-6.707749
0,0,612,-12.270198,-9.2254289,-9.3960085,-5.4169572,-9.8530792,-6.7680477
0,0,613,-12.253669,-9.223828,-9.4021303,-5.4115834,-9.8283413,-6.7244883
0,0,614,-12.235717,-9.2076647,-9.3960184,-5.3980759,-9.815847,-6.6703599
0,0,615,-12.240307,-9.2051042,-9.4151173,-5.3991135,-9.7985236,-6.6548034
0,0,616,-12.259238,-9.2103018,-9.395288,-5.4135372,-9.8535952,-6.7670721
0,0,617,-12.2334,-9.205164,-9.3991982,-5.3864001,-9.8423594,-6.735166
0,0,618,-12.22386,-9.2017826,-9.3781152,-5.3811787,-9.8425463,-6.7192298
0,0,619,-12.228611,-9.215403,-9.3723054,-5.3888643,-9.8367634,-6.706298
0,0,620,-12.24608,-9.2031925,-9.4189372,-5.3985141,-9.8315636,-6.739214
0,0,621,-12.262516,-9.206472,-9.3733087,-5.413531,-9.8475987,-6.7477558
0,0,622,-12.222532,-9.1948463,-9.402686,-5.379195,-9.8286744,-6.6893454
0,0,623,-12.233731,-9.2131961,-9.3768726,-5.3860418,-9.866497,-6.7445122
0,0,624,-12.221032,-9.1987738,-9.3819899,-5.3767341,-9.8109268,-6.6572916
0,0,625,-12.22502,-9.1993486,-9.3899715,-5.3831957,-9.8412903,-6.7151751
0,0,626,-12.219138,-9.2048211,-9.3937381,-5.3809088,-9.8454871,-6.7205354
0,0,627,-12.254391,-9.2344239,-9.3759865,-5.41406,-9.8662637,-6.751991
0,0,628,-12.28386,-9.2250739,-9.3892115,-5.4375629,-9.8656948,-6.771757
0,0,629,-12.250584,-9.1941744,-9.4020324,-5.4133492,-9.8086672,-6.669406
0,0,630,-12.227342,-9.1810574,-9.4138634,-5.3817955,-9.8190265,-6.680724
0,0,631,-12.233006,-9.2053013,-9.3883566,-5.3901495,-9.8527706,-6.7401683
0,0,632,-12.255964,-9.2169939,-9.3781218,-5.4213056,-9.83723,-6.7337672
0,0,633,-12.248971,-9.2153814,-9.4193257,-5.4096551,-9.836262,-6.7256524
0,0,634,-12.247866,-9.2256642,-9.4001883,-5.4099259,-9.8761821,-6.7854512
0,0,635,-12.210056,-9.1734131,-9.4058556,-5.3737606,-9.803586,-6.6509069
0,0,636,-12.223028,-9.1780895,-9.398244,-5.3849034,-9.7950074,-6.6522314
0,0,637,-12.259918,-9.2175892,-9.4008222,-5.4131016,-9.8614288,-6.7515902
0,0,638,-12.251459,-9.2191576,-9.3618919,-5.4157057,-9.8713943,-6.7696306
0,0,639,-12.225321,-9.1920248,-9.3704782,-5.3824846,-9.8145746,-6.6744462
0,0,640,-12.269726,-9.2220645,-9.3702816,-5.4180722,-9.8427113,-6.7460667
0,0,641,-12.257024,-9.2282617,-9.3816659,-5.4155516,-9.8652512,-6.7553976
0,0,642,-12.260412,-9.2037191,-9.3639345,-5.4090774,-9.8613286,-6.7565505
0,0,643,-12.23229,-9.1980694,-9.4008686,-5.3891,-9.7743097,-6.6515428
0,0,644,-12.235061,-9.216955,-9.3757177,-5.3956149,-9.8437471,-6.7068152
0,0,645,-12.246377,-9.1992938,-9.3906362,-5.4035055,-9.8128328,-6.6779827
0,0,646,-12.234525,-9.1943066,-9.3807285,-5.3925059,-9.8413278,-6.7114956
0,0,647,-12.21863,-9.211067,-9.3607213,-5.3750267,-9.8743742,-6.772178
0,0,648,-12.218206,-9.1669183,-9.3523488,-5.3757185,-9.8328514,-6.7136894
0,0,649,-12.29028,-9.2218164,-9.3890367,-5.4478226,-9.8571943,-6.7454343
0,0,650,-12.250912,-9.1889224,-9.3787107,-5.4070597,-9.7991645,-6.6571821
0,0,651,-12.252057,-9.2286126,-9.4185997,-5.4066826,-9.8687529,-6.756943
0,0,652,-12.25858,-9.2101912,-9.4046023,-5.4160379,-9.8497938,-6.724707
0,0,653,-12.257843,-9.2390151,-9.3844147,-5.417259,-9.8612757,-6.7685163
0,0,654,-12.236426,-9.2080519,-9.4009749,-5.3934886,-9.8336954,-6.6811148
0,0,655,-12.259896,-9.2228905,-9.3977715,-5.4190328,-9.8488556,-6.7124491
0,0,656,-12.225233,-9.1972826,-9.4241208,-5.3814141,-9.7809031,-6.6422287
0,0,657,-12.224899,-9.2084807,-9.4167555,-5.3855164,-9.8395075,-6.7122766
0,0,658,-12.25233,-9.2099531,-9.379865,-5.414725,-9.8498557,-6.7505657
0,0,659,-12.238365,-9.1885087,-9.3898141,-5.3959821,-9.8381442,-6.7094176
0,0,660,-12.244547,-9.2037798,-9.3887761,-5.3996471,-9.8628081,-6.7273375
0,0,661,-12.230862,-9.2081497,-9.4007324,-5.3883925,-9.8435797,-6.7320716
0,0,662,-12.233102,-9.2168767,-9.3915114,-5.3953533,-9.8297402,-6.7260751
0,0,663,-12.258369,-9.2100625,-9.3901756,-5.4121306,-9.8513722,-6.7421909
0,0,664,-12.257366,-9.2058251,-9.3583774,-5.4099714,-9.8281267,-6.7183058
0,0,665,-12.244863,-9.2266487,-9.438327,-5.4035982,-9.8413453,-6.7324254
0,0,666,-12.232735,-9.192576,-9.3838417,-5.392014,-9.7879791,-6.6393341
0,0,667,-12.289817,-9.2215935,-9.42397,-5.4465717,-9.8368101,-6.7291697
0,0,668,-12.291024,-9.2395752,-9.396566,-5.4449356,-9.8926668,-6.7863789
0,0,669,-12.266406,-9.2159669,-9.3809068,-5.4255028,-9.8381997,-6.7156896
0,0,670,-12.250149,-9.2003172,-9.404226,-5.4100028,-9.7987899,-6.6773729
0,0,671,-12.253874,-9.1816812,-9.3983781,-5.4090825,-9.8374924,-6.7144436
0,0,672,-12.236647,-9.2044198,-9.3910735,-5.3922032,-9.8204575,-6.6947255
0,0,673,-12.237063,-9.2038045,-9.3747504,-5.3971394,-9.8441812,-6.715211
0,0,674,-12.247162,-9.2170815,-9.3617194,-5.4088848,-9.8655249,-6.7519878
0,0,675,-12.261034,-9.2129643,-9.3983574,-5.4102242,-9.8717424,-6.7609623
0,0,676,-12.251402,-9.1842265,-9.4033318,-5.412938,-9.8217192,-6.6810796
0,0,677,-12.229246,-9.1876914,-9.3871879,-5.3884973,-9.7905045,-6.6385816
0,0,678,-12.241221,-9.2113078,-9.4154896,-5.4017273,-9.843192,-6.7395306
0,0,679,-12.24488,-9.214568,-9.3893613,-5.4011129,-9.8451247,-6.7158418
0,0,680,-12.249098,-9.199994,-9.3705817,-5.4092194,-9.8439763,-6.7137923
0,0,681,-12.232668,-9.2188793,-9.3926528,-5.3889605,-9.8355228,-6.755932
0,0,682,-12.247921,-9.2145451,-9.374246,-5.411225,-9.8327184,-6.7366605
0,0,683,-12.254896,-9.2080759,-9.3667342,-5.4097374,-9.8495826,-6.7354928
0,0,684,-12.214928,-9.1923557,-9.3898159,-5.3714873,-9.8240016,-6.7004631
0,0,685,-12.249372,-9.2002824,-9.373921,-5.4116895,-9.8382667,-6.6966685
0,0,686,-12.254486,-9.2242411,-9.3458085,-5.4182441,-9.8532089,-6.7355725
0,0,687,-12.277208,-9.2320782,-9.398918,-5.4332314,-9.8592303,-6.7354406
0,0,688,-12.28473,-9.2343968,-9.3822599,-5.4525838,-9.8448135,-6.7842871
0,0,689,-12.250461,-9.1963904,-9.3874874,-5.4101518,-9.8219544,-6.7053183
0,0,690,-12.224881,-9.1932166,-9.4038525,-5.3850517,-9.7844639,-6.6422444
0,0,691,-12.233969,-9.1963729,-9.4138111,-5.3917221,-9.8403809,-6.7223549
0,0,692,-12.250738,-9.215491,-9.4046729,-5.4085083,-9.8662249,-6.7642621
0,0,693,-12.26162,-9.2280026,-9.4000704,-5.4191585,-9.8734202,-6.758723
0,0,694,-12.264443,-9.2280925,-9.393459,-5.4168127,-9.83555,-6.7195483
0,0,695,-12.253395,-9.1839111,-9.3795431,-5.4180913,-9.7896531,-6.6419993
0,0,696,-12.261056,-9.2264628,-9.3695652,-5.4168155,-9.8508473,-6.7777912
0,0,697,-12.242549,-9.2006027,-9.4097359,-5.3989103,-9.7774602,-6.6529138
0,0,698,-12.24124,-9.2332198,-9.3830729,-5.3925129,-9.8173138,-6.739652
0,0,699,-12.240004,-9.217716,-9.3955595,-5.3966467,-9.8590517,-6.7558727
0,0,700,-12.246382,-9.1958247,-9.3777505,-5.3964723,-9.8243913,-6.7278555
0,0,701,-12.248776,-9.1941439,-9.3910465,-5.4083868,-9.8133873,-6.6959823
0,0,702,-12.270019,-9.2482859,-9.3845053,-5.4278183,-9.8667849,-6.7744463
0,0,703,-12.245215,-9.2231803,-9.3980349,-5.4012321,-9.8043876,-6.6773886
0,0,704,-12.241881,-9.1965358,-9.396502,-5.3928088,-9.7974776,-6.6458219
0,0,705,-12.255973,-9.2026203,-9.3772408,-5.4120029,-9.8728263,-6.7653619
0,0,706,-12.28435,-9.1963981,-9.4049289,-5.4387473,-9.8626049,-6.7325959
0,0,707,-12.279343,-9.2143596,-9.394567,-5.425451,-9.8896095,-6.8282258
0,0,708,-12.261994,-9.2076195,-9.402646,-5.4200069,-9.803442,-6.6883731
0,0,709,-12.241645,-9.2107638,-9.402187,-5.4002746,-9.8131046,-6.6820791
0,0,710,-12.211847,-9.1831125,-9.4185305,-5.3730553,-9.816564,-6.6934268
0,0,711,-12.245775,-9.2122641,-9.3777063,-5.4024517,-9.8454418,-6.7409061
0,0,712,-12.256374,-9.2111241,-9.3855072,-5.4108517,-9.8391493,-6.738011
0,0,713,-12.245875,-9.1715316,-9.3801792,-5.3997449,-9.7905205,-6.6522596
0,0,714,-12.245268,-9.2042026,-9.3875516,-5.3990808,-9.8071674,-6.683917
0,0,715,-12.269997,-9.2170592,-9.3760732,-5.4254768,-9.8396802,-6.7567883
0,0,716,-12.248785,-9.1839569,-9.3984327,-5.4054583,-9.814617,-6.6636661
0,0,717,-12.247482,-9.1974196,-9.3913606,-5.4070525,-9.8258362,-6.6815389
0,0,718,-12.245755,-9.2374428,-9.386672,-5.4000541,-9.8714459,-6.7625757
0,0,719,-12.270547,-9.2310708,-9.4097292,-5.4224912,-9.8568436,-6.7614905
0,0,720,-12.251174,-9.1955115,-9.3949443,-5.4124335,-9.867088,-6.7938429
0,0,721,-12.23769,-9.2008349,-9.3939518,-5.3989782,-9.8255113,-6.7198928
0,0,722,-12.238646,-9.1899438,-9.3870316,-5.3935814,-9.797249,-6.6632679
0,0,723,-12.255,-9.18713,-9.4171724,-5.4172267,-9.7950684,-6.6531255
0,0,724,-12.267026,-9.2092662,-9.3871526,-5.420302,-9.8899651,-6.8010198
0,0,725,-12.25075,-9.196831,-9.372403,-5.4029786,-9.8274856,-6.6998664
0,0,726,-12.23195,-9.209028,-9.3797159,-5.3898785,-9.8162959,-6.6809488
0,0,727,-12.273416,-9.2217501,-9.4090162,-5.4310694,-9.8480105,-6.7444159
0,0,728,-12.276766,-9.2259474,-9.4125109,-5.4300623,-9.8556706,-6.7746647
0,0,729,-12.246891,-9.2079823,-9.4176737,-5.4056902,-9.8187698,-6.6837085
0,0,730,-12.279396,-9.2345793,-9.394799,-5.4398119,-9.844349,-6.7280056
0,0,731,-12.280856,-9.2238633,-9.3975745,-5.4332841,-9.8943512,-6.8262186
0,0,732,-12.247147,-9.1953672,-9.414707,-5.4052232,-9.8187832,-6.6705203
0,0,733,-12.236939,-9.1978673,-9.4178777,-5.3890437,-9.7842253,-6.6444995
0,0,734,-12.248822,-9.2299811,-9.3923636,-5.3998616,-9.8541877,-6.760001
0,0,735,-12.252474,-9.1920294,-9.3705709,-5.4045043,-9.7960966,-6.6821062
0,0,736,-12.254034,-9.2232403,-9.3761586,-5.4098189,-9.8135113,-6.7068502
0,0,737,-12.256156,-9.2336757,-9.3868439,-5.4188848,-9.8693339,-6.7655266
0,0,738,-12.218166,-9.2087782,-9.3871647,-5.3757899,-9.8320844,-6.7029504
0,0,739,-12.255427,-9.2296523,-9.3880868,-5.4156613,-9.8738278,-6.7764142
0,0,740,-12.257211,-9.2062333,-9.3929929,-5.4167516,-9.8580668,-6.717444
0,0,741,-12.245738,-9.2106482,-9.3708216,-5.4013386,-9.8466455,-6.7500791
0,0,742,-12.216184,-9.1849044,-9.4156343,-5.3796658,-9.7736162,-6.6332312
0,0,743,-12.238032,-9.2215456,-9.4022198,-5.3878386,-9.8234151,-6.750182
0,0,744,-12.218202,-9.1935068,-9.3786884,-5.3810362,-9.8248548,-6.6893718
0,0,745,-12.255686,-9.2247136,-9.3615744,-5.4132866,-9.831777,-6.7554479
0,0,746,-12.247751,-9.2014523,-9.3779719,-5.4041589,-9.8812002,-6.813264
0,0,747,-12.264982,-9.2161627,-9.4081172,-5.4218836,-9.8371871,-6.7308631
0,0,748,-12.242717,-9.225522,-9.3692635,-5.399497,-9.8311773,-6.7293423
0,0,749,-12.223298,-9.2104628,-9.3624522,-5.38481,-9.7988075,-6.6800328
0,0,750,-12.228459,-9.1796362,-9.3830947,-5.3908436,-9.7686779,-6.6227643
0,0,751,-12.263159,-9.2179794,-9.3853688,-5.4209397,-9.8318925,-6.7151544
0,0,752,-12.28526,-9.2229843,-9.4222933,-5.440101,-9.8451979,-6.7461336
0,0,753,-12.253034,-9.2313578,-9.4066567,-5.4108371,-9.8264544,-6.7363654
0,0,754,-12.263911,-9.2184282,-9.3860913,-5.4199105,-9.8480974,-6.7609096
0,0,755,-12.244398,-9.197728,-9.3943482,-5.4095505,-9.8165769,-6.705123
0,0,756,-12.269132,-9.1979662,-9.3756291,-5.4255202,-9.8391286,-6.7180822
0,0,757,-12.245265,-9.198968,-9.3983033,-5.4021279,-9.8153335,-6.6819302
0,0,758,-12.252059,-9.210783,-9.4265774,-5.4100434,-9.846473,-6.7554919
0,0,759,-12.238783,-9.2257312,-9.3650071,-5.3983964,-9.9015957,-6.8104412
0,0,760,-12.265627,-9.220064,-9.357476,-5.42655,-9.8534132,-6.7446608
0,0,761,-12.24483,-9.1836575,-9.3789621,-5.3977062,-9.7778799,-6.6237377
0,0,762,-12.256736,-9.2135896,-9.4219675,-5.4125362,-9.8089293,-6.6800723
0,0,763,-12.247183,-9.1940662,-9.39459,-5.4135201,-9.8077629,-6.6739267
0,0,764,-12.283042,-9.2259435,-9.3935377,-5.4329898,-9.8520709,-6.7735004
0,0,765,-12.254243,-9.223099,-9.412165,-5.4076456,-9.8875397,-6.7799695
0,0,766,-12.258191,-9.2173472,-9.4053058,-5.4187741,-9.8886421,-6.783736
0,0,767,-12.256358,-9.1791733,-9.3977387,-5.4182869,-9.8033306,-6.6747922
0,0,768,-12.263539,-9.2183826,-9.3538794,-5.4237805,-9.8379327,-6.7175287
0,0,769,-12.223566,-9.1767402,-9.3741046,-5.3817823,-9.7935743,-6.6757481
0,0,770,-12.259447,-9.2163593,-9.3651907,-5.4142297,-9.8495825,-6.7656059
0,0,771,-12.222506,-9.1879845,-9.3838117,-5.3824091,-9.8058524,-6.6738849
0,0,772,-12.248489,-9.1928271,-9.3961396,-5.4080693,-9.8150256,-6.6879375
0,0,773,-12.262461,-9.2051323,-9.3803748,-5.4169211,-9.8458173,-6.7412483
0,0,774,-12.246726,-9.1989782,-9.3885731,-5.4082882,-9.8396365,-6.7102727
0,0,775,-12.220609,-9.1860324,-9.3973342,-5.3779733,-9.8303938,-6.686103
0,0,776,-12.242758,-9.2019318,-9.3985479,-5.4035591,-9.8689384,-6.7553081
0,0,777,-12.237186,-9.1987009,-9.3870153,-5.3992798,-9.8616817,-6.7661309
0,0,778,-12.241572,-9.20222,-9.3675893,-5.3951027,-9.8566547,-6.741673
0,0,779,-12.278899,-9.2315415,-9.3927212,-5.4340914,-9.892151,-6.7757858
0,0,780,-12.255191,-9.205546,-9.4245219,-5.4112909,-9.8333895,-6.7004293
0,0,781,-12.235457,-9.1915864,-9.378351,-5.3946861,-9.8233032,-6.6824774
0,0,782,-12.230921,-9.1825216,-9.3778047,-5.3925838,-9.7753817,-6.6324329
0,0,783,-12.247687,-9.202147,-9.4299034,-5.4092941,-9.8224931,-6.6973471
0,0,784,-12.279129,-9.2260951,-9.4109306,-5.4344285,-9.8859799,-6.7850877
0,0,785,-12.265993,-9.2173941,-9.3482139,-5.4241673,-9.856886,-6.7516791
0,0,786,-12.216778,-9.1996302,-9.3450759,-5.3772985,-9.8233611,-6.6904305
0,0,787,-12.249157,-9.1991478,-9.3964281,-5.4101341,-9.8277297,-6.6799662
0,0,788,-12.243371,-9.2147732,-9.3988215,-5.3955835,-9.8778828,-6.7926132
0,0,789,-12.251288,-9.2014155,-9.4118148,-5.4092781,-9.8138016,-6.6922574
0,0,790,-12.261348,-9.214883,-9.3883095,-5.4114158,-9.8155711,-6.7218555
0,0,791,-12.235328,-9.2017263,-9.3893998,-5.3902519,-9.8175306,-6.7014405
0,0,792,-12.234504,-9.2017363,-9.3832462,-5.3966803,-9.8317072,-6.7196253
0,0,793,-12.232326,-9.1766013,-9.3636392,-5.3848244,-9.8009281,-6.6956321
0,0,794,-12.267535,-9.203589,-9.360682,-5.4236897,-9.818221,-6.7017145
0,0,795,-12.239472,-9.2297648,-9.3648532,-5.4036587,-9.8242165,-6.7242037
0,0,796,-12.261819,-9.2159809,-9.3834781,-5.4144605,-9.8577192,-6.7471953
0,0,797,-12.258916,-9.2159019,-9.3890124,-5.4172382,-9.8416842,-6.7540458
0,0,798,-12.253389,-9.1908026,-9.4003624,-5.4125275,-9.8307155,-6.7200814
0,0,799,-12.258059,-9.1899356,-9.3782897,-5.4209687,-9.8303902,-6.7156592
0,0,800,-12.257322,-9.2188881,-9.3949867,-5.4110805,-9.8442455,-6.7041961
0,0,801,-12.26328,-9.2043597,-9.4011201,-5.4197414,-9.8121371,-6.6640086
0,0,802,-12.240869,-9.220807,-9.4054467,-5.4011547,-9.8498613,-6.7403363
0,0,803,-12.259869,-9.2078134,-9.3838116,-5.4189809,-9.8555892,-6.7379494
0,0,804,-12.255024,-9.2006145,-9.3846459,-5.4040885,-9.8203228,-6.6926489
0,0,805,-12.264056,-9.2069144,-9.3737088,-5.4137737,-9.8669723,-6.7540002
0,0,806,-12.248156,-9.1982513,-9.3798854,-5.409846,-9.7896209,-6.6642167
0,0,807,-12.283815,-9.2324377,-9.3742773,-5.4342191,-9.8648661,-6.7596822
0,0,808,-12.232448,-9.2109953,-9.3747432,-5.3922049,-9.8309093,-6.7239813
0,0,809,-12.251178,-9.2053727,-9.3734035,-5.406658,-9.8417369,-6.7165611
0,0,810,-12.255949,-9.2168965,-9.4025035,-5.4129774,-9.857074,-6.7496962
0,0,811,-12.231283,-9.2115508,-9.3911504,-5.3876715,-9.7894483,-6.6579795
0,0,812,-12.243202,-9.2115952,-9.3870686,-5.3982205,-9.824142,-6.6982754
0,0,813,-12.272059,-9.2128361,-9.4328303,-5.4272357,-9.8511499,-6.7439004
0,0,814,-12.243152,-9.2239065,-9.4126297,-5.4082152,-9.8584267,-6.7304784
0,0,815,-12.245159,-9.1850198,-9.4087373,-5.3998411,-9.8150218,-6.6998498
0,0,816,-12.24926,-9.1960764,-9.4145114,-5.402105,-9.8434321,-6.7391658
0,0,817,-12.265477,-9.1880827,-9.39362,-5.4213698,-9.839306,-6.7273636
0,0,818,-12.258793,-9.2291681,-9.4148759,-5.4152188,-9.8593366,-6.7907049
0,0,819,-12.224133,-9.1907635,-9.4159789,-5.386077,-9.7800813,-6.6462083
0,0,820,-12.219229,-9.1972773,-9.4062183,-5.3772096,-9.7811277,-6.6402711
0,0,821,-12.254217,-9.191762,-9.4157051,-5.4205451,-9.837442,-6.7469699
0,0,822,-12.239068,-9.2244624,-9.3915177,-5.3954917,-9.8574013,-6.7550589
0,0,823,-12.256281,-9.2261309,-9.3982613,-5.4048413,-9.8783415,-6.7756743
0,0,824,-12.245703,-9.2266311,-9.3696927,-5.3998386,-9.8365624,-6.7268827
0,0,825,-12.255482,-9.2046326,-9.3750986,-5.415221,-9.8128678,-6.6853381
0,0,826,-12.261276,-9.1865934,-9.3687545,-5.4126327,-9.8190443,-6.7046778
0,0,827,-12.244021,-9.2050555,-9.3942822,-5.4001322,-9.8759904,-6.7738426
0,0,828,-12.241254,-9.2203738,-9.3544881,-5.3974151,-9.8410238,-6.7493238
0,0,829,-12.264085,-9.189513,-9.3829911,-5.4238756,-9.8518417,-6.7271789
0,0,830,-12.246104,-9.1893111,-9.4072205,-5.4033617,-9.8480347,-6.7205832
0,0,831,-12.237076,-9.1984424,-9.415453,-5.3937595,-9.8037503,-6.6708561
0,0,832,-12.253684,-9.1992812,-9.4001915,-5.4172752,-9.8425346,-6.7275619
0,0,833,-12.23023,-9.1960005,-9.3758947,-5.3996971,-9.7975119,-6.6504255
0,0,834,-12.270549,-9.2186672,-9.3796967,-5.4240088,-9.8409892,-6.7439262
0,0,835,-12.257786,-9.2064398,-9.3935019,-5.4097773,-9.8639872,-6.7625331
0,0,836,-12.266017,-9.2357931,-9.4131947,-5.42408,-9.8654699,-6.7511613
0,0,837,-12.259565,-9.2156265,-9.4146728,-5.4144438,-9.8318971,-6.7104199
0,0,838,-12.220234,-9.1941364,-9.4218344,-5.3720819,-9.8408855,-6.7140179
0,0,839,-12.227509,-9.201734,-9.4257527,-5.3893943,-9.8135941,-6.6924587
0,0,840,-12.236618,-9.1978167,-9.4022978,-5.3986583,-9.7965127,-6.6545676
0,0,841,-12.244163,-9.1974812,-9.3658927,-5.3971878,-9.8450745,-6.7405494
0,0,842,-12.240911,-9.2041473,-9.3958247,-5.4019549,-9.8638874,-6.7798281
0,0,843,-12.233422,-9.2152948,-9.363706,-5.3863319,-9.8817414,-6.8113737
0,0,844,-12.256974,-9.1791224,-9.3794309,-5.4121173,-9.8193947,-6.7104249
0,0,845,-12.22992,-9.2057344,-9.3775598,-5.3871902,-9.8684584,-6.7545678
0,0,846,-12.257367,-9.208455,-9.4007795,-5.4151397,-9.8297071,-6.7332301
0,0,847,-12.235656,-9.2148318,-9.4136729,-5.39289,-9.7702251,-6.6639636
0,0,848,-12.250702,-9.2330966,-9.4150893,-5.4031751,-9.821685,-6.707275
0,0,849,-12.257148,-9.213437,-9.3973817,-5.4185446,-9.8407452,-6.7438827
0,0,850,-12.238066,-9.1929098,-9.4049358,-5.3977412,-9.8299677,-6.7032019
0,0,851,-12.22349,-9.1999387,-9.4147302,-5.3751539,-9.7994846,-6.6502104
0,0,852,-12.246285,-9.2293268,-9.422623,-5.4007531,-9.8656092,-6.7577167
0,0,853,-12.235008,-9.2065676,-9.4111921,-5.3954442,-9.8235569,-6.6846607
0,0,854,-12.263627,-9.23085,-9.4181742,-5.4199127,-9.8461871,-6.7328539
0,0,855,-12.278601,-9.2090465,-9.4077443,-5.4340491,-9.8667948,-6.7233678
0,0,856,-12.264858,-9.2261305,-9.3926924,-5.4212118,-9.8745637,-6.7587513
0,0,857,-12.28493,-9.2198097,-9.3737085,-5.4378851,-9.8462022,-6.7685014
0,0,858,-12.224211,-9.198837,-9.3802651,-5.3773843,-9.8259186,-6.6940795
0,0,859,-12.245579,-9.1911576,-9.3792448,-5.3987169,-9.8412456,-6.7324388
0,0,860,-12.247925,-9.1950846,-9.3885518,-5.4044065,-9.8432861,-6.7052931
0,0,861,-12.231233,-9.1975601,-9.3689853,-5.3922526,-9.7923359,-6.6651585
0,0,862,-12.218895,-9.1918241,-9.4148665,-5.3720857,-9.7931307,-6.6779443
0,0,863,-12.235364,-9.2192537,-9.3829548,-5.4009123,-9.8438342,-6.7468341
0,0,864,-12.247032,-9.2172182,-9.3991534,-5.4028265,-9.8535766,-6.7445924
0,0,865,-12.239413,-9.2059131,-9.3956293,-5.3976445,-9.8510366,-6.7307137
0,0,866,-12.253681,-9.2022423,-9.4055892,-5.4150463,-9.8376759,-6.7420945
0,0,867,-12.234334,-9.1917603,-9.3940827,-5.3924075,-9.808813,-6.6978512
0,0,868,-12.246279,-9.1997619,-9.3774594,-5.4072197,-9.8253787,-6.6819779
0,0,869,-12.282354,-9.2414901,-9.3790697,-5.4382073,-9.8654451,-6.7498086
0,0,870,-12.247691,-9.2149137,-9.393419,-5.3998638,-9.8480324,-6.7320547
0,0,871,-12.219426,-9.1805425,-9.3674069,-5.3740803,-9.8012387,-6.6510136
0,0,872,-12.257912,-9.2013308,-9.4121178,-5.4150649,-9.8346491,-6.7162799
0,0,873,-12.281777,-9.2216224,-9.3769886,-5.4428814,-9.872765,-6.7675709
0,0,874,-12.251633,-9.1875752,-9.4034448,-5.4098079,-9.8271465,-6.6992339
0,0,875,-12.238042,-9.2156623,-9.3933529,-5.3946117,-9.8647728,-6.734253
0,0,876,-12.245927,-9.2121762,-9.3508513,-5.4036129,-9.8307644,-6.7162091
0,0,877,-12.258094,-9.2114756,-9.4076816,-5.411721,-9.863328,-6.7516162
0,0,878,-12.272259,-9.2135652,-9.3592763,-5.4261278,-9.8577437,-6.7635656
0,0,879,-12.247359,-9.2156961,-9.4078519,-5.4025354,-9.8472659,-6.7206144
0,0,880,-12.228153,-9.1832192,-9.3723215,-5.3856584,-9.7963755,-6.6558051
0,0,881,-12.221768,-9.1927118,-9.3818804,-5.3781422,-9.7890331,-6.6344999
0,0,882,-12.247641,-9.1963066,-9.3921217,-5.3980369,-9.8452351,-6.7172599
0,0,883,-12.265144,-9.2232973,-9.4103613,-5.4172745,-9.8863878,-6.7816408
0,0,884,-12.271291,-9.2312576,-9.4105555,-5.4260185,-9.8793097,-6.7877369
0,0,885,-12.227061,-9.2002619,-9.3789747,-5.3890403,-9.7950388,-6.6617437
0,0,886,-12.25364,-9.2204543,-9.3911595,-5.4058898,-9.8168858,-6.6883113
0,0,887,-12.26328,-9.2380643,-9.4013772,-5.4220951,-9.879387,-6.7881825
0,0,888,-12.24979,-9.2389224,-9.3871517,-5.4048681,-9.8440175,-6.7463888
0,0,889,-12.254362,-9.2091008,-9.3724821,-5.4151316,-9.8250299,-6.7153159
0,0,890,-12.257574,-9.22041,-9.3681075,-5.4145307,-9.8449979,-6.7356235
0,0,891,-12.240819,-9.2023719,-9.4109742,-5.3979417,-9.8382772,-6.7405642
0,0,892,-12.227371,-9.1672768,-9.396022,-5.3849116,-9.7563885,-6.6020755
0,0,893,-12.230182,-9.1888823,-9.376897,-5.3857113,-9.8211014,-6.7061677
0,0,894,-12.24748,-9.2266694,-9.372184,-5.4035517,-9.8656961,-6.7679513
0,0,895,-12.238252,-9.2131251,-9.3623542,-5.3933598,-9.8471176,-6.7229838
0,0,896,-12.284003,-9.2325307,-9.3775923,-5.4300937,-9.8634498,-6.7681408
0,0,897,-12.227614,-9.193608,-9.3982009,-5.3872553,-9.8052842,-6.6868439
0,0,898,-12.247072,-9.2016213,-9.3834192,-5.4022322,-9.7909777,-6.6510362
0,0,899,-12.263566,-9.2296219,-9.4393588,-5.41558,-9.8702961,-6.7472848
0,0,900,-12.238967,-9.2090347,-9.3892455,-5.3888069,-9.8456297,-6.7579447
0,0,901,-12.219531,-9.1940504,-9.4016938,-5.3760991,-9.8123899,-6.673171
0,0,902,-12.242742,-9.2279418,-9.4014379,-5.4080697,-9.8367377,-6.7705627
0,0,903,-12.251251,-9.2148071,-9.4140369,-5.4097831,-9.8210243,-6.7084093
0,0,904,-12.248294,-9.2060788,-9.3843316,-5.4039576,-9.8421614,-6.7322477
0,0,905,-12.251673,-9.1828932,-9.4087219,-5.4021608,-9.8323807,-6.7042026
0,0,906,-12.238498,-9.2117705,-9.3689948,-5.3923368,-9.8516978,-6.7303065
0,0,907,-12.275568,-9.2085254,-9.379583,-5.4304162,-9.8407104,-6.7191348
0,0,908,-12.267068,-9.2300962,-9.4014278,-5.4258712,-9.8482234,-6.7813899
0,0,909,-12.262111,-9.2066674,-9.3503567,-5.4177456,-9.8668222,-6.739431
0,0,910,-12.247432,-9.1910418,-9.4092695,-5.4080017,-9.8007558,-6.6530258
0,0,911,-12.256792,-9.2085764,-9.3699438,-5.4187826,-9.8381848,-6.7248383
0,0,912,-12.255554,-9.1993867,-9.3783633,-5.4137037,-9.7975748,-6.675297
0,0,913,-12.256833,-9.1970738,-9.3639813,-5.4079011,-9.8301701,-6.7143891
0,0,914,-12.235289,-9.2117531,-9.3893587,-5.3959924,-9.836725,-6.71471
0,0,915,-12.232522,-9.2205834,-9.3859887,-5.393341,-9.8503479,-6.7317682
0,0,916,-12.236142,-9.192386,-9.3750768,-5.3983296,-9.8173908,-6.6997236
0,0,917,-12.256723,-9.2172848,-9.3806879,-5.4143841,-9.8623514,-6.8076052
0,0,918,-12.237838,-9.1913735,-9.399974,-5.3934604,-9.811189,-6.6708945
0,0,919,-12.248551,-9.2110917,-9.4200957,-5.4018331,-9.8421162,-6.7264211
0,0,920,-12.226902,-9.2052528,-9.3777903,-5.3871009,-9.8104946,-6.6827917
0,0,921,-12.277551,-9.2091967,-9.3661949,-5.4391757,-9.8395287,-6.695067
0,0,922,-12.272764,-9.2043362,-9.388129,-5.4214049,-9.8616195,-6.7351219
0,0,923,-12.242643,-9.2118851,-9.3915679,-5.3951841,-9.8432223,-6.7401057
0,0,924,-12.24942,-9.2226679,-9.3891146,-5.4084451,-9.8109373,-6.6880555
0,0,925,-12.243811,-9.2039587,-9.3838936,-5.3987127,-9.8522827,-6.7514063
0,0,926,-12.216332,-9.1958801,-9.3811407,-5.3727955,-9.8283869,-6.7002032
0,0,927,-12.258431,-9.1987132,-9.384764,-5.4152161,-9.8685809,-6.7505164
0,0,928,-12.236759,-9.2019371,-9.4064459,-5.394168,-9.8328797,-6.7118695
0,0,929,-12.25354,-9.1958254,-9.3481444,-5.4164204,-9.8191218,-6.7148496
0,0,930,-12.233551,-9.2267233,-9.355686,-5.3966097,-9.8932825,-6.8142641
0,0,931,-12.24611,-9.1896581,-9.350955,-5.4060973,-9.7806631,-6.6223692
0,0,932,-12.274665,-9.237239,-9.4186971,-5.4273305,-9.8459325,-6.7435025
0,0,933,-12.236376,-9.2109151,-9.4238282,-5.3940645,-9.8382499,-6.7286433
0,0,934,-12.259171,-9.2022289,-9.3731912,-5.4137482,-9.8244534,-6.686772
0,0,935,-12.276653,-9.2228863,-9.3753231,-5.4326915,-9.8622773,-6.7468233
0,0,936,-12.249596,-9.2237351,-9.40385,-5.4102738,-9.8346134,-6.7203455
0,0,937,-12.249994,-9.2013089,-9.3764187,-5.4101427,-9.8446758,-6.7285326
0,0,938,-12.247585,-9.2091385,-9.3996015,-5.3994883,-9.8526734,-6.7452654
0,0,939,-12.236855,-9.2032914,-9.4050769,-5.3933666,-9.8146837,-6.7006153
0,0,940,-12.221285,-9.1840326,-9.3788935,-5.3865842,-9.7747864,-6.6293427
0,0,941,-12.20679,-9.216041,-9.4069034,-5.364719,-9.8335437,-6.7190823
0,0,942,-12.223864,-9.2180935,-9.3850459,-5.3786326,-9.8815475,-6.7951203
0,0,943,-12.238824,-9.183591,-9.3942676,-5.3984038,-9.8495924,-6.7179091
0,0,944,-12.24914,-9.2246538,-9.3673638,-5.4156705,-9.8985805,-6.793438
0,0,945,-12.249069,-9.2015398,-9.3685732,-5.407887,-9.8156897,-6.6911287
0,0,946,-12.249036,-9.1995922,-9.3725343,-5.4077162,-9.8186017,-6.7029045
0,0,947,-12.252109,-9.2003115,-9.3850035,-5.4120282,-9.8375247,-6.7152707
0,0,948,-12.233105,-9.1988962,-9.3593023,-5.3915743,-9.8264208,-6.7235472
0,0,949,-12.26181,-9.2204847,-9.3942835,-5.4170906,-9.8656161,-6.7495458
0,0,950,-12.239753,-9.2197489,-9.3815258,-5.3988765,-9.7892239,-6.6422529
0,0,951,-12.252053,-9.1972798,-9.376207,-5.4160905,-9.8065309,-6.7075069
0,0,952,-12.216464,-9.2016546,-9.3767396,-5.3767655,-9.7994247,-6.667057
0,0,953,-12.24413,-9.195034,-9.4119878,-5.4100255,-9.8466383,-6.7232661
0,0,954,-12.236586,-9.1943756,-9.3811135,-5.3944636,-9.8261257,-6.7237324
0,0,955,-12.270578,-9.2525724,-9.4126006,-5.423888,-9.8835974,-6.7994018
0,0,956,-12.276553,-9.2321918,-9.4112937,-5.4341404,-9.8629387,-6.7737136
0,0,957,-12.215402,-9.1932442,-9.393664,-5.3708409,-9.8239692,-6.6949146
0,0,958,-12.254094,-9.21434,-9.3716973,-5.4094874,-9.8325671,-6.719584
0,0,959,-12.223758,-9.1830616,-9.3959209,-5.3832145,-9.7879936,-6.6559966
0,0,960,-12.273326,-9.2252614,-9.4001852,-5.430081,-9.8373607,-6.718961
0,0,961,-12.256165,-9.2022461,-9.3816795,-5.4152975,-9.7993691,-6.6668777
0,0,962,-12.255399,-9.2206152,-9.3772761,-5.4133313,-9.8558531,-6.7812209
0,0,963,-12.242228,-9.188805,-9.4348171,-5.3962132,-9.8423499,-6.7086217
0,0,964,-12.273008,-9.2243787,-9.4096438,-5.4295665,-9.8176493,-6.7238598
0,0,965,-12.273762,-9.2455837,-9.4134603,-5.4302914,-9.8415365,-6.7574336
0,0,966,-12.263349,-9.2251915,-9.4072888,-5.423422,-9.8346517,-6.732598
0,0,967,-12.231755,-9.2081331,-9.4056622,-5.3870902,-9.8113748,-6.6803589
0,0,968,-12.22734,-9.1991264,-9.3725255,-5.3852738,-9.8249134,-6.7029714
0,0,969,-12.245386,-9.2087173,-9.3670172,-5.3980466,-9.8601997,-6.7527706
0,0,970,-12.247387,-9.2135011,-9.3618285,-5.4056997,-9.8711376,-6.77006
0,0,971,-12.242317,-9.187878,-9.3829538,-5.403663,-9.7878062,-6.6597789
0,0,972,-12.255279,-9.2147158,-9.395175,-5.4161084,-9.8790535,-6.7417897
0,0,973,-12.255444,-9.1939639,-9.3948647,-5.4122426,-9.7998754,-6.6524886
0,0,974,-12.236229,-9.1971153,-9.4147182,-5.4001765,-9.8211778,-6.7052901
0,0,975,-12.238149,-9.2213917,-9.3789596,-5.3956061,-9.8358178,-6.7525281
0,0,976,-12.250059,-9.2040733,-9.3996887,-5.3926207,-9.8459914,-6.7474464
0,0,977,-12.283734,-9.2216171,-9.3810968,-5.438087,-9.8861853,-6.7762721
0,0,978,-12.267732,-9.2311342,-9.3852313,-5.4266562,-9.8494944,-6.75235
0,0,979,-12.287512,-9.2288804,-9.3661112,-5.4467812,-9.855451,-6.7614576
0,0,980,-12.225133,-9.163981,-9.4062402,-5.3918616,-9.7444435,-6.5865275
0,0,981,-12.22837,-9.2157919,-9.3749753,-5.3858289,-9.8324395,-6.7065123
0,0,982,-12.256282,-9.2221928,-9.4157237,-5.4145402,-9.8707,-6.7579837
0,0,983,-12.279662,-9.2351591,-9.3978149,-5.4340224,-9.855734,-6.7412239
0,0,984,-12.249043,-9.1914723,-9.4144294,-5.4115573,-9.8387853,-6.6979428
0,0,985,-12.261373,-9.2088802,-9.4101947,-5.4206513,-9.8510883,-6.7358798
0,0,986,-12.264213,-9.189961,-9.3850422,-5.425519,-9.8230443,-6.6918334
0,0,987,-12.260221,-9.2104678,-9.3626985,-5.4143054,-9.8353196,-6.7164166
0,0,988,-12.279877,-9.2294034,-9.3670246,-5.4321041,-9.8873482,-6.7925942
0,0,989,-12.250769,-9.189098,-9.3689036,-5.4118259,-9.8035401,-6.6852745
0,0,990,-12.242937,-9.2301639,-9.3790687,-5.4027994,-9.8413901,-6.7489043
0,0,991,-12.259497,-9.1888169,-9.3725069,-5.4154454,-9.7954709,-6.6671227
0,0,992,-12.257389,-9.2041716,-9.398128,-5.4149941,-9.8274996,-6.7150755
0,0,993,-12.244894,-9.2108462,-9.3776482,-5.4089236,-9.8062138,-6.676506
0,0,994,-12.248544,-9.2173114,-9.3783936,-5.4083678,-9.8327855,-6.7104619
0,0,995,-12.244658,-9.2229956,-9.4122741,-5.3969706,-9.8429981,-6.7500282
0,0,996,-12.236438,-9.2113992,-9.3736621,-5.3966673,-9.8604728,-6.7765499
0,0,997,-12.250041,-9.2232125,-9.3900024,-5.4066034,-9.8839372,-6.7966327
0,0,998,-12.266893,-9.1999399,-9.3766655,-5.4289604,-9.8313006,-6.7147822
0,0,999,-12.237332,-9.2026306,-9.3911038,-5.3890544,-9.8265084,-6.7088545
